feature_group,n_features,target,MAE_mean,MAE_std,RMSE_mean,RMSE_std,R2_mean,R2_std
params_only,10,surface_coverage,0.0003619900000000007,6.731367914473251e-05,0.0006997440846631843,0.00021793511873693963,0.8321591841561279,0.1621260363287186
params_flow,21,surface_coverage,0.00035598000000000086,6.676085379921368e-05,0.0006991071036437462,0.00021793636143345736,0.8334565241054854,0.1608228998539691
params_cells,160,surface_coverage,0.00010945000000000286,4.534638905138994e-05,0.00033641979492058635,0.00019552447822610748,0.9726282915642068,0.023156144336679885
params_clusters,110,surface_coverage,0.0001690100000000023,4.260848976436494e-05,0.00043443589220471413,0.00013545241069945984,0.9406298731770756,0.0456122546787081
all_features,271,surface_coverage,0.00013775000000000237,3.9832499293918426e-05,0.000378357405346005,0.00014348509964396975,0.9611743656693086,0.025061377967371654
params_only,10,eps_fraction,0.005434277867932789,0.0008414251855022827,0.008502101305343223,0.0016552863765307655,0.6893971006789935,0.09700205006386334
params_flow,21,eps_fraction,0.005409962046582043,0.0008530887548399051,0.008474689811345353,0.001686354133853492,0.6912158031809648,0.09936854500569696
params_cells,160,eps_fraction,0.0010102772654465655,0.00026218133253297615,0.0033485309119631406,0.0016913772031448893,0.9447856996044282,0.053833218817133266
params_clusters,110,eps_fraction,0.002844104904900175,0.0007410546174371661,0.006001967742148784,0.0019076403135524739,0.8385821438839468,0.09604808525147138
all_features,271,eps_fraction,0.0013290288683803827,0.00041444883093323925,0.003744727981944854,0.0019986857731498957,0.9292796622481205,0.07264674644566754
params_only,10,cluster_count,0.07931,0.02915497641912955,0.2789254052527335,0.14763000475715765,0.8117347370121557,0.2247106812000171
params_flow,21,cluster_count,0.08007,0.02869570263994245,0.2805187855510181,0.14673295796439842,0.8095570496756361,0.22536890385232378
params_cells,160,cluster_count,0.04609499999999998,0.0294292388620569,0.21236428009732983,0.16538481653024512,0.8678212001949992,0.21600901407773418
params_clusters,110,cluster_count,0.020225,0.027760907766137616,0.14970142299895678,0.16398920376685602,0.9373325004051459,0.1058111729251126
all_features,271,cluster_count,0.020919999999999998,0.030161786253469804,0.15267208373422889,0.17783485273772573,0.934383963721567,0.10957090447041234
params_only,10,time_to_stable_biofilm,0.023500000000000017,0.026709300814510294,0.20124797614343753,0.24272144960462474,0.9888558377541734,0.01979651084718721
params_flow,21,time_to_stable_biofilm,0.02330500000000001,0.026774121834338468,0.19937937564851502,0.2454337783721066,0.9887982114130575,0.020006862193996222
params_cells,160,time_to_stable_biofilm,0.04242,0.03884999485199451,0.3350983075404397,0.35835397902567345,0.9728146426186987,0.045980647304330644
params_clusters,110,time_to_stable_biofilm,0.153775,0.12878390136193266,0.8848694023988269,0.7841085802988913,0.8406208940227462,0.21904940273270215
all_features,271,time_to_stable_biofilm,0.06719,0.08158906575025847,0.4051184079318929,0.4844441407992549,0.9552237542802942,0.08034824190782511
