model,target,MAE,RMSE,R2
gradient_boosting,biofilm_thickness,0.019826911071031284,0.02518393163025455,0.9996750266580344
random_forest,biofilm_thickness,0.017935743500002276,0.056742038529339,0.9983502788510515
ridge_regression,biofilm_thickness,0.06438623769125652,0.09140320588343288,0.9957192138752741
linear_regression,biofilm_thickness,0.07392539052273785,0.5935231562385206,0.8195004978113675
random_forest,surface_coverage,0.00014870000000000313,0.0003108134488724713,0.9494637999581501
gradient_boosting,surface_coverage,0.0002951754401579606,0.0004051765833783708,0.9141200754769985
ridge_regression,surface_coverage,0.00047958162500894496,0.0006868342800007641,0.7532217366686713
linear_regression,surface_coverage,0.000666015358749002,0.004188694640797087,-8.178260511530777
random_forest,roughness,0.00343950090000047,0.00840336805814172,0.9997246075410162
gradient_boosting,roughness,0.008053002137252909,0.011347628172979487,0.9994978245626736
ridge_regression,roughness,0.014701879415764327,0.020246088087475383,0.9984014452442936
linear_regression,roughness,0.010459484995089077,0.059915475677082344,0.9860001527909906
random_forest,eps_fraction,0.0010467108474999972,0.0027448218416628594,0.9658265440962627
gradient_boosting,eps_fraction,0.0027887846767648194,0.004760895724192239,0.8971893943675344
ridge_regression,eps_fraction,0.006305063313099424,0.010221280337467026,0.5261169464987381
linear_regression,eps_fraction,0.004811311019849185,0.02729638552393766,-2.379643297477846
linear_regression,cluster_count,1.1263212584822213e-15,1.9848322434709915e-15,1.0
gradient_boosting,cluster_count,1.1009699838738785e-05,1.2319593715597405e-05,0.9999999992904517
random_forest,cluster_count,0.0005000000000000004,0.004123105625617665,0.9999205236091632
ridge_regression,cluster_count,0.00281215668923683,0.0047261962431953495,0.9998955730204339
gradient_boosting,time_to_stable_biofilm,0.007169820007599036,0.014278610093576494,0.99997329018273
random_forest,time_to_stable_biofilm,0.006949999999999993,0.0312489999839995,0.9998720703252938
linear_regression,time_to_stable_biofilm,0.08637139064339858,0.3202121650831754,0.9865669478105548
ridge_regression,time_to_stable_biofilm,0.3376221079252268,0.5588406387888418,0.9590857109743196
