,0
flow_rate,1.141347488567064e-06
adhesion_wall,1.1251593395173223e-05
adhesion_cell,2.6175856974101064e-08
diffusion_rate,1.8851990814206977e-06
signal_decay,3.2930111755073702e-06
qs_threshold,7.332331772500454e-06
division_rate,1.0164477095896326e-08
eps_rate,4.0862872779006016e-08
runtime,0.0
random_seed,1.269056445774313e-06
t0_cell_count,0.0
t0_total_biomass,0.0
t0_mean_x,6.581804639449981e-05
t0_mean_y,1.3291313191242327e-06
t0_std_x,6.826026919281434e-06
t0_std_y,3.1697310962531947e-06
t0_spatial_spread_x,1.26085743311005e-07
t0_spatial_spread_y,4.111585820782882e-06
t0_mean_volume,0.0
t0_std_volume,0.0
t0_max_volume,0.0
t0_mean_local_signal,0.0
t0_std_local_signal,0.0
t0_max_local_signal,0.0
t0_active_ratio,0.0
t0_inactive_ratio,0.0
t0_attached_ratio,0.0
t0_qs_active_ratio,0.0
t0_eps_producing_ratio,0.0
t0_planktonic_ratio,0.0
t0_detached_ratio,0.0
t0_biofilm_thickness,0.0
t0_surface_coverage,0.0
t0_roughness,0.0
t1_cell_count,7.693514892366053e-07
t1_total_biomass,3.882573937735362e-06
t1_mean_x,4.655709590533579e-06
t1_mean_y,5.862539028987565e-06
t1_std_x,1.0284677124521043e-05
t1_std_y,3.631510811535371e-05
t1_spatial_spread_x,7.796597151331295e-06
t1_spatial_spread_y,0.0015017235330001225
t1_mean_volume,2.1921420934251352e-05
t1_std_volume,6.850299805512605e-06
t1_max_volume,1.2573640920770916e-06
t1_mean_local_signal,1.146614097491549e-05
t1_std_local_signal,0.0001641221695365042
t1_max_local_signal,2.0856366827710296e-05
t1_active_ratio,2.6842729455803024e-08
t1_inactive_ratio,0.0
t1_attached_ratio,1.8856484018287436e-05
t1_qs_active_ratio,2.3193190845432066e-06
t1_eps_producing_ratio,3.819296090577558e-08
t1_planktonic_ratio,0.0013556733339137167
t1_detached_ratio,0.0
t1_biofilm_thickness,9.452076552654019e-05
t1_surface_coverage,5.537926117517821e-07
t1_roughness,1.171793745538492e-05
t2_cell_count,2.880826078838768e-07
t2_total_biomass,1.803925461603462e-05
t2_mean_x,4.834715310361853e-05
t2_mean_y,0.0015639648610259577
t2_std_x,1.5712095631807938e-05
t2_std_y,3.207508308606625e-05
t2_spatial_spread_x,3.486897833456508e-05
t2_spatial_spread_y,0.0022748042384986094
t2_mean_volume,8.680324913246564e-06
t2_std_volume,3.058497730662009e-05
t2_max_volume,1.2985329362387557e-08
t2_mean_local_signal,1.9633690280662362e-05
t2_std_local_signal,1.0509140558296719e-05
t2_max_local_signal,3.689344286271662e-05
t2_active_ratio,5.6888258349166e-06
t2_inactive_ratio,0.0
t2_attached_ratio,4.409937726442695e-05
t2_qs_active_ratio,7.250867407969835e-06
t2_eps_producing_ratio,5.3664671900020584e-08
t2_planktonic_ratio,4.338460964317726e-06
t2_detached_ratio,0.0
t2_biofilm_thickness,0.00044687583340296877
t2_surface_coverage,9.16451621299649e-06
t2_roughness,0.00039407778318897814
t3_cell_count,5.394679657279002e-05
t3_total_biomass,0.0001944898622827785
t3_mean_x,5.056240980321434e-06
t3_mean_y,1.2996789344782473e-05
t3_std_x,0.00012799466714338487
t3_std_y,0.0008542440652973696
t3_spatial_spread_x,9.047710807924142e-06
t3_spatial_spread_y,0.00012146218776061509
t3_mean_volume,0.00024829120994840375
t3_std_volume,0.0012054489635746353
t3_max_volume,1.7876073875606413e-08
t3_mean_local_signal,2.3129916752459046e-05
t3_std_local_signal,4.710605022488758e-05
t3_max_local_signal,3.7436619869308035e-05
t3_active_ratio,3.180753299886577e-06
t3_inactive_ratio,0.0
t3_attached_ratio,4.754776800117195e-06
t3_qs_active_ratio,4.247065651756305e-05
t3_eps_producing_ratio,2.010512670199181e-07
t3_planktonic_ratio,2.9190238119199953e-05
t3_detached_ratio,0.0
t3_biofilm_thickness,0.0002862461234198006
t3_surface_coverage,6.206535063279138e-07
t3_roughness,0.0014527427165629168
t4_cell_count,4.5888548572084695e-06
t4_total_biomass,0.00013357891240256854
t4_mean_x,4.140954420267868e-05
t4_mean_y,1.5942577628918723e-05
t4_std_x,9.00668691044728e-06
t4_std_y,4.78951498824364e-05
t4_spatial_spread_x,8.931528400887044e-06
t4_spatial_spread_y,0.00040473107434650207
t4_mean_volume,3.403460970394809e-05
t4_std_volume,0.00031911338957384995
t4_max_volume,3.9739465029805066e-08
t4_mean_local_signal,2.7876845700215863e-05
t4_std_local_signal,2.0795447748184998e-05
t4_max_local_signal,3.288286673894448e-05
t4_active_ratio,4.2119381840964156e-05
t4_inactive_ratio,0.0
t4_attached_ratio,2.2552444875004006e-05
t4_qs_active_ratio,2.246180947586535e-05
t4_eps_producing_ratio,1.2090962028551312e-05
t4_planktonic_ratio,0.0004670220961561099
t4_detached_ratio,0.0
t4_biofilm_thickness,0.0007089548764731486
t4_surface_coverage,5.187169606061907e-06
t4_roughness,0.0014915387753567932
t5_cell_count,2.311770147124284e-06
t5_total_biomass,9.436689133052038e-05
t5_mean_x,2.974294462718675e-05
t5_mean_y,5.1720311046586247e-05
t5_std_x,2.1036624845288273e-05
t5_std_y,2.4253961098533407e-05
t5_spatial_spread_x,2.2649949429086846e-05
t5_spatial_spread_y,0.0014729085534610211
t5_mean_volume,2.2608813915965873e-05
t5_std_volume,1.3828418186942384e-05
t5_max_volume,4.73639103775833e-07
t5_mean_local_signal,1.6619579598584826e-05
t5_std_local_signal,2.9433601173299355e-05
t5_max_local_signal,4.456577781018679e-06
t5_active_ratio,6.529326029213282e-06
t5_inactive_ratio,0.0
t5_attached_ratio,2.064549433482907e-06
t5_qs_active_ratio,2.5698272154954138e-05
t5_eps_producing_ratio,2.3659793076785957e-06
t5_planktonic_ratio,1.9536870813924297e-05
t5_detached_ratio,0.0
t5_biofilm_thickness,0.001459894917457313
t5_surface_coverage,3.721797356034297e-05
t5_roughness,0.002001760516298557
t6_cell_count,2.0120468233880932e-05
t6_total_biomass,6.913635223390007e-05
t6_mean_x,6.497276802990036e-06
t6_mean_y,2.0428024669322305e-05
t6_std_x,5.665906500914698e-06
t6_std_y,3.7312117816750874e-05
t6_spatial_spread_x,4.542660493241017e-06
t6_spatial_spread_y,0.00036130934067228886
t6_mean_volume,7.3794356176637875e-06
t6_std_volume,2.541346623343644e-05
t6_max_volume,3.3193183813434353e-08
t6_mean_local_signal,1.975935187694145e-05
t6_std_local_signal,1.1871662847734036e-05
t6_max_local_signal,7.725572052089554e-06
t6_active_ratio,3.033923804041359e-05
t6_inactive_ratio,0.0
t6_attached_ratio,6.784456620092444e-07
t6_qs_active_ratio,2.6868044659245514e-05
t6_eps_producing_ratio,3.6589508084441742e-06
t6_planktonic_ratio,4.4816846664164206e-05
t6_detached_ratio,0.0
t6_biofilm_thickness,0.0013379947109056678
t6_surface_coverage,3.4152432994673427e-07
t6_roughness,0.0006301458456604896
t7_cell_count,1.0378190379226006e-05
t7_total_biomass,1.0248800626713707e-05
t7_mean_x,3.624877797688296e-05
t7_mean_y,0.000146073512443245
t7_std_x,5.802908315658875e-05
t7_std_y,7.102321071470271e-05
t7_spatial_spread_x,4.91187721098409e-06
t7_spatial_spread_y,1.677433802834923e-05
t7_mean_volume,1.0868325220288869e-05
t7_std_volume,0.0005221262412358411
t7_max_volume,3.051659025267481e-06
t7_mean_local_signal,1.4292972652990244e-05
t7_std_local_signal,1.7813706441451185e-05
t7_max_local_signal,0.0007066664610370286
t7_active_ratio,9.362266368317792e-06
t7_inactive_ratio,0.0
t7_attached_ratio,1.4898258905450323e-07
t7_qs_active_ratio,2.9566351271976067e-06
t7_eps_producing_ratio,1.3976160221408648e-07
t7_planktonic_ratio,0.0085950428001892
t7_detached_ratio,0.0
t7_biofilm_thickness,0.0035316084532468757
t7_surface_coverage,2.536506831871501e-05
t7_roughness,0.0009279042167412123
t8_cell_count,1.721171757823824e-05
t8_total_biomass,7.4482866830367e-06
t8_mean_x,2.1573235299081328e-05
t8_mean_y,0.0003142273933641693
t8_std_x,6.847474360477745e-06
t8_std_y,2.375372851824733e-05
t8_spatial_spread_x,2.1678870161781583e-05
t8_spatial_spread_y,0.00041216849029767684
t8_mean_volume,9.849831106511658e-05
t8_std_volume,0.0002766063421908667
t8_max_volume,6.516096581993204e-07
t8_mean_local_signal,3.2323578859723124e-05
t8_std_local_signal,2.6782929342165593e-05
t8_max_local_signal,1.974240704589702e-05
t8_active_ratio,8.070797433644591e-06
t8_inactive_ratio,0.0
t8_attached_ratio,2.7640954896353382e-06
t8_qs_active_ratio,4.459151804821607e-05
t8_eps_producing_ratio,2.106263137436949e-06
t8_planktonic_ratio,0.008202840111873572
t8_detached_ratio,0.0
t8_biofilm_thickness,0.024521820697797073
t8_surface_coverage,3.5678910002796316e-05
t8_roughness,0.0007182736256551498
t9_cell_count,7.783288958100387e-06
t9_total_biomass,1.7098636075361288e-05
t9_mean_x,2.6996232180434543e-05
t9_mean_y,7.172387027008322e-05
t9_std_x,2.7574608520795447e-05
t9_std_y,0.00015948528017416187
t9_spatial_spread_x,1.6359692942919642e-05
t9_spatial_spread_y,0.0005204897540399017
t9_mean_volume,0.00022812313294230598
t9_std_volume,8.609333808906413e-05
t9_max_volume,1.7664791241733692e-07
t9_mean_local_signal,1.3255312888793733e-05
t9_std_local_signal,2.3711082025570815e-05
t9_max_local_signal,2.485508023366489e-05
t9_active_ratio,8.305643654115605e-05
t9_inactive_ratio,0.0
t9_attached_ratio,1.3103861348144355e-05
t9_qs_active_ratio,4.333157153414274e-05
t9_eps_producing_ratio,1.5413089660448316e-05
t9_planktonic_ratio,0.057884348186171566
t9_detached_ratio,0.0
t9_biofilm_thickness,0.45534963220856123
t9_surface_coverage,0.0005925271838490787
t9_roughness,0.004346742756072453
t0_cluster_cluster_count,5.4287585432103673e-08
t0_cluster_mean_cluster_size,9.415539960405704e-07
t0_cluster_max_cluster_size,2.949168735453557e-05
t0_cluster_std_cluster_size,1.1123874321850676e-07
t0_cluster_mean_density,1.8499877941759735e-06
t0_cluster_std_density,7.929694743026187e-07
t0_cluster_mean_center_x,2.363395527043661e-05
t0_cluster_mean_center_y,0.002882326830319911
t0_cluster_cluster_spread_x,2.6321217867685725e-06
t0_cluster_cluster_spread_y,1.8892902735005287e-05
t1_cluster_cluster_count,5.9509125135016546e-08
t1_cluster_mean_cluster_size,1.0068946226644578e-06
t1_cluster_max_cluster_size,8.549209767014039e-06
t1_cluster_std_cluster_size,4.277151855258833e-09
t1_cluster_mean_density,2.3523846839407092e-05
t1_cluster_std_density,2.792061422588935e-06
t1_cluster_mean_center_x,9.21841786090088e-06
t1_cluster_mean_center_y,0.0032224445857416363
t1_cluster_cluster_spread_x,8.031467103486365e-06
t1_cluster_cluster_spread_y,2.9622511908352865e-07
t2_cluster_cluster_count,1.906471120693112e-10
t2_cluster_mean_cluster_size,1.9680897503894745e-05
t2_cluster_max_cluster_size,3.467028204324691e-05
t2_cluster_std_cluster_size,9.32832315134954e-09
t2_cluster_mean_density,7.10930810403637e-06
t2_cluster_std_density,1.3946819084087512e-06
t2_cluster_mean_center_x,5.985881116311769e-06
t2_cluster_mean_center_y,0.00809212705858766
t2_cluster_cluster_spread_x,1.241102768121817e-06
t2_cluster_cluster_spread_y,0.00013627994259735808
t3_cluster_cluster_count,1.1056706206196514e-09
t3_cluster_mean_cluster_size,6.494840626494642e-07
t3_cluster_max_cluster_size,8.515307312439356e-07
t3_cluster_std_cluster_size,1.1773091435016438e-08
t3_cluster_mean_density,1.5243845085438236e-05
t3_cluster_std_density,3.283203773663201e-05
t3_cluster_mean_center_x,4.3594043714014955e-05
t3_cluster_mean_center_y,0.004662888925285856
t3_cluster_cluster_spread_x,1.1716930218956059e-05
t3_cluster_cluster_spread_y,8.678589841274216e-06
t4_cluster_cluster_count,8.35633612251272e-10
t4_cluster_mean_cluster_size,4.6424039483721513e-07
t4_cluster_max_cluster_size,6.480945639402326e-06
t4_cluster_std_cluster_size,1.7847232275778244e-09
t4_cluster_mean_density,6.44138422234351e-05
t4_cluster_std_density,4.375507451181292e-06
t4_cluster_mean_center_x,3.886177431952553e-06
t4_cluster_mean_center_y,0.0053783460162956775
t4_cluster_cluster_spread_x,0.00010347032303486521
t4_cluster_cluster_spread_y,2.8733596468347896e-05
t5_cluster_cluster_count,1.039274983850889e-08
t5_cluster_mean_cluster_size,3.514380616669053e-05
t5_cluster_max_cluster_size,8.172084505883917e-07
t5_cluster_std_cluster_size,1.451267597996714e-09
t5_cluster_mean_density,0.00013217168710417883
t5_cluster_std_density,2.9727264601788395e-05
t5_cluster_mean_center_x,4.940409117699821e-06
t5_cluster_mean_center_y,0.00759577297029351
t5_cluster_cluster_spread_x,1.1027847915549353e-08
t5_cluster_cluster_spread_y,6.812211484848649e-06
t6_cluster_cluster_count,8.374063062275766e-09
t6_cluster_mean_cluster_size,1.9529411112054145e-06
t6_cluster_max_cluster_size,1.1200972013964399e-05
t6_cluster_std_cluster_size,1.932449522506386e-07
t6_cluster_mean_density,9.48646396682807e-05
t6_cluster_std_density,5.2406324233174366e-05
t6_cluster_mean_center_x,1.2230817934530812e-05
t6_cluster_mean_center_y,0.0053562456035854515
t6_cluster_cluster_spread_x,7.328826047292799e-08
t6_cluster_cluster_spread_y,1.3864320192618219e-06
t7_cluster_cluster_count,9.464269964798405e-08
t7_cluster_mean_cluster_size,2.0786309574324758e-07
t7_cluster_max_cluster_size,1.7101061523427846e-05
t7_cluster_std_cluster_size,2.0683721390722662e-08
t7_cluster_mean_density,0.0003109098862973175
t7_cluster_std_density,1.352692877993475e-07
t7_cluster_mean_center_x,8.765002315107473e-05
t7_cluster_mean_center_y,0.005345080921269407
t7_cluster_cluster_spread_x,1.8173543237633267e-07
t7_cluster_cluster_spread_y,1.3423212877845588e-06
t8_cluster_cluster_count,2.8568301806585726e-09
t8_cluster_mean_cluster_size,1.0251766175472979e-07
t8_cluster_max_cluster_size,1.2026953826179957e-05
t8_cluster_std_cluster_size,1.1239353038998646e-07
t8_cluster_mean_density,0.00023351494954563688
t8_cluster_std_density,2.2202455547186054e-07
t8_cluster_mean_center_x,6.6247919386519645e-06
t8_cluster_mean_center_y,0.0004745330363275045
t8_cluster_cluster_spread_x,4.825708102141969e-05
t8_cluster_cluster_spread_y,4.908044184104979e-05
t9_cluster_cluster_count,9.151099278983253e-07
t9_cluster_mean_cluster_size,0.008656457593321511
t9_cluster_max_cluster_size,0.008109543919943556
t9_cluster_std_cluster_size,9.753165157166097e-08
t9_cluster_mean_density,0.29823132387088497
t9_cluster_std_density,2.8352684738696873e-06
t9_cluster_mean_center_x,0.010379953931218633
t9_cluster_mean_center_y,0.030365130285852353
t9_cluster_cluster_spread_x,0.00020167812901084753
t9_cluster_cluster_spread_y,0.005065301423222244
mean_velocity_x,7.975595001997118e-07
mean_velocity_y,0.0
std_velocity_x,3.110616035621127e-06
std_velocity_y,0.0
mean_speed,3.838756557744446e-06
max_speed,2.0729870330789263e-06
mean_shear,9.265413970851745e-07
max_shear,1.0590777256085563e-06
std_shear,0.0
low_shear_fraction,0.0
high_shear_fraction,0.0
