simulation_id,cell_records
sim_20260501172859_d50fd2fdce,295
sim_20260501172900_4efc669bba,275
sim_20260501172901_7cf1187ec5,330
sim_20260501172901_b16f4da7c5,280
sim_20260501172901_dd1a8b1f59,280
sim_20260501172902_8ba9ceca31,324
sim_20260501172902_e750d1da5d,304
sim_20260501172903_29b7548f96,277
sim_20260501172903_e60f00e931,277
sim_20260501172904_8072ddfad2,289
sim_20260501172904_e8c6fd1b37,287
sim_20260501172904_f3786c164f,280
sim_20260501172905_120fd23c31,276
sim_20260501172905_50d51c423b,287
sim_20260501172906_bdb3743e2c,277
sim_20260501172906_ec9eb5f1a4,283
sim_20260501172907_714424c271,283
sim_20260501172907_805597647d,314
sim_20260501172907_eb8dc41617,313
sim_20260501172908_6ffb1c1e10,275
sim_20260501172908_e4ea28d103,296
sim_20260501172909_4b10852c40,287
sim_20260501172909_87d9cf0a9b,319
sim_20260501172909_d24563d775,284
sim_20260501172910_39bb68138d,310
sim_20260501172910_f4ce2aa51e,322
sim_20260501172911_284c602c02,279
sim_20260501172911_e084e292ff,309
sim_20260501172912_845d9343ef,336
sim_20260501172912_b6cece12f6,277
sim_20260501172912_fa720a6c7c,330
sim_20260501172913_4d7216d057,275
sim_20260501172913_50aeac4273,275
sim_20260501172914_5ccef83fdd,284
sim_20260501172914_744fb81636,322
sim_20260501172914_bc169b8cab,275
sim_20260501172915_c69a2a45aa,291
sim_20260501172915_cc7bdda79b,290
sim_20260501172916_39c9edf39a,298
sim_20260501172916_54c9f87546,279
sim_20260501172916_73811b4177,298
sim_20260501172917_0c0f532927,308
sim_20260501172917_c200368396,280
sim_20260501172918_5f5bf65448,330
sim_20260501172918_75e2a8d41e,296
sim_20260501172918_8817938238,280
sim_20260501172919_8515abf3f0,280
sim_20260501172919_b3cfc1c916,290
sim_20260501172920_8e5bc6e6c4,322
sim_20260501172920_96afb47476,280
sim_20260501172920_a8fefa3589,286
sim_20260501172921_6edeb58745,275
sim_20260501172921_f4550970cf,281
sim_20260501172922_86ef7d80c5,305
sim_20260501172922_d7de851083,277
sim_20260501172923_127054c9db,276
sim_20260501172923_31c11f26dc,275
sim_20260501172923_c9f5b1a3aa,280
sim_20260501172924_ae7a403ea0,307
sim_20260501172924_c4ef06c7e8,290
sim_20260501172925_20283755a6,311
sim_20260501172925_c3b0fbfb84,304
sim_20260501172925_cab65d4e90,280
sim_20260501172926_a2b9f16cd7,289
sim_20260501172926_ad2705f434,283
sim_20260501172927_25ea4ca655,296
sim_20260501172927_52846bafd4,299
sim_20260501172927_6181bf1ac3,291
sim_20260501172928_38b03e5a87,291
sim_20260501172928_9e848f6f2b,286
sim_20260501172929_555a5b7cff,276
sim_20260501172929_6312ca478d,322
sim_20260501172929_85896c81c4,286
sim_20260501172930_55316181a6,275
sim_20260501172930_e2e8308ed1,286
sim_20260501172931_23e2265ddb,277
sim_20260501172931_3d3612a57b,303
sim_20260501172932_37f2bd7a48,336
sim_20260501172932_393386b4cb,323
sim_20260501172932_823c6671ff,305
sim_20260501172933_8e07dec5d2,342
sim_20260501172933_cedca5e8e1,291
sim_20260501172934_2d86b17484,275
sim_20260501172934_53700e773e,291
sim_20260501172935_af9b929011,275
sim_20260501172935_d08d1c4145,285
sim_20260501172935_ee3cd16ef7,279
sim_20260501172936_109d3a3d7e,280
sim_20260501172936_3bc30d4a56,275
sim_20260501172937_2efa03df83,285
sim_20260501172937_50b99fdfe2,275
sim_20260501172937_ffd14f40d9,275
sim_20260501172938_0365a18aff,328
sim_20260501172938_cd3ada2c20,330
sim_20260501172939_abc4a5c7a7,295
sim_20260501172939_ca512f2b1b,288
sim_20260501172939_fab3f111f4,275
sim_20260501172940_bdcf84d5dd,314
sim_20260501172940_d3015f7bd5,291
sim_20260501172941_6d5d680605,288
sim_20260501172941_e0c8274584,328
sim_20260501172942_47390dcebf,280
sim_20260501172942_c23f05df6f,297
sim_20260501172942_c2bd4f40ed,275
sim_20260501172943_1953a963f6,275
sim_20260501172943_2af38b2f7f,305
sim_20260501172944_08b0d919e7,298
sim_20260501172944_f7e1047dfe,275
sim_20260501172945_7e00ad9976,324
sim_20260501172945_879733552a,284
sim_20260501172945_aeba39e3ca,280
sim_20260501172946_1620156d8c,275
sim_20260501172946_38ff662bb5,277
sim_20260501172947_207dc84321,276
sim_20260501172947_e4d4e68623,275
sim_20260501172948_15454e83d6,295
sim_20260501172948_288481fe62,275
sim_20260501172949_6805543bd8,275
sim_20260501172949_70c18bed84,279
sim_20260501172949_e0428d8b64,300
sim_20260501172950_457dd53630,275
sim_20260501172950_8e5d0ff2a7,296
sim_20260501172951_05107b8b5c,279
sim_20260501172951_0cf8e9374f,277
sim_20260501172951_f78f5c07a8,291
sim_20260501172952_0f1ad29185,297
sim_20260501172952_fa6e967505,291
sim_20260501172953_66bfadf8c8,322
sim_20260501172953_f4e877cdd8,302
sim_20260501172954_1e7c703c98,309
sim_20260501172954_49fc4621b7,280
sim_20260501172954_f7934f8660,279
sim_20260501172955_96d7eb8d8a,283
sim_20260501172955_a576c2280f,297
sim_20260501172956_2283479100,342
sim_20260501172956_66fecafae6,309
sim_20260501172956_d2e764b8a5,275
sim_20260501172957_202ebcbe60,287
sim_20260501172957_be691f6759,322
sim_20260501172958_906f4c20fd,305
sim_20260501172958_ac52a9b50f,307
sim_20260501172959_1bc10af6b8,275
sim_20260501172959_b9015e174b,275
sim_20260501173000_2717c9f609,281
sim_20260501173000_508416972b,337
sim_20260501173001_2b65f1a1b8,275
sim_20260501173001_6c9f467638,309
sim_20260501173001_a6edd07edb,290
sim_20260501173002_68f1c7581a,322
sim_20260501173002_9baf2207da,296
sim_20260501173003_55e988b277,277
sim_20260501173003_8cfa7fde53,286
sim_20260501173003_addf4ede8a,277
sim_20260501173004_8740c04f74,283
sim_20260501173004_bc4f73a3c9,275
sim_20260501173005_372211be40,307
sim_20260501173005_56b34eefdb,275
sim_20260501173005_75ab108fd5,318
sim_20260501173006_481b413b62,322
sim_20260501173006_68d74fe85b,275
sim_20260501173007_28fba146a8,281
sim_20260501173007_b68dc38cdb,287
sim_20260501173007_bd538be579,275
sim_20260501173008_c456f04bfc,309
sim_20260501173008_d8e31f4996,283
sim_20260501173009_5bee36cbb1,295
sim_20260501173009_6f0a50bbe8,275
sim_20260501173009_f0fa322599,275
sim_20260501173010_e6be3e9660,277
sim_20260501173010_f501fcbb9e,275
sim_20260501173011_4f4a0c6b5a,275
sim_20260501173011_a75851d300,276
sim_20260501173011_e5c36a0f0c,326
sim_20260501173012_322560dcaf,297
sim_20260501173012_cafdab101f,305
sim_20260501173013_04a7761f8d,330
sim_20260501173013_c76fb9105e,275
sim_20260501173014_02313a02b0,318
sim_20260501173014_3eec940faf,280
sim_20260501173014_b7fe70f2bc,283
sim_20260501173015_153f140188,280
sim_20260501173015_c219554194,279
sim_20260501173016_21e55b3aaa,275
sim_20260501173016_8c02fbcc79,277
sim_20260501173016_e4154fac2b,305
sim_20260501173017_7cda4f5124,307
sim_20260501173017_fa12222f84,302
sim_20260501173018_007d7601e0,281
sim_20260501173018_03c9d3bd93,280
sim_20260501173018_da6536b52f,305
sim_20260501173019_09f8a528fd,311
sim_20260501173019_c34fa11534,294
sim_20260501173020_6640553168,275
sim_20260501173020_6c183f2b91,283
sim_20260501173020_9882a4712c,277
sim_20260501173021_3231bc3ae9,298
sim_20260501173021_5e628a3405,313
sim_20260501173022_04cea37f8d,283
sim_20260501173022_fa82be8faf,314
sim_20260501173023_bc57fe0e99,330
sim_20260501173023_ca4299bf76,281
sim_20260501173023_ccc90bada5,275
sim_20260501173024_91fab24949,296
sim_20260501173024_aaf5136073,305
sim_20260501173025_2ae834ce91,290
sim_20260501173025_e6b2c030a6,295
sim_20260501173025_ea17923d56,305
sim_20260501173026_2ed4bca050,279
sim_20260501173026_6159c8f4c0,288
sim_20260501173027_08fc472c05,286
sim_20260501173027_6013b18bee,291
sim_20260501173028_0b100dde3b,303
sim_20260501173028_1e4d39b3a8,283
sim_20260501173028_e6e44fc8a2,275
sim_20260501173029_43baad7da3,275
sim_20260501173029_b47ba1ba90,334
sim_20260501173030_454abd384d,303
sim_20260501173030_5a4bd9e24c,275
sim_20260501173030_b6bc453c86,275
sim_20260501173031_2e833224c2,326
sim_20260501173031_7c51172406,330
sim_20260501173032_163c3c53f7,304
sim_20260501173032_1b0c50995e,310
sim_20260501173033_0acdbc57d5,275
sim_20260501173033_cb2713d273,306
sim_20260501173033_fa36cdeba4,280
sim_20260501173034_d138cdc19d,308
sim_20260501173034_ed0d675c88,275
sim_20260501173035_3f732a2ea3,280
sim_20260501173035_ac75a7439c,285
sim_20260501173036_1c56ce7224,279
sim_20260501173036_4c63ae4f94,297
sim_20260501173036_67fcc9148d,297
sim_20260501173037_8baecefca0,275
sim_20260501173037_f7645c525b,275
sim_20260501173038_14534b3412,306
sim_20260501173038_3c173ab685,291
sim_20260501173039_84c251096f,306
sim_20260501173039_d6150f3665,311
sim_20260501173039_da2d2d6295,305
sim_20260501173040_0e70d8529a,324
sim_20260501173040_e30286a0fb,284
sim_20260501173041_064f034091,333
sim_20260501173041_5af768dda9,280
sim_20260501173041_6e5d6bdec2,279
sim_20260501173042_0246945f63,309
sim_20260501173042_963762a8de,297
sim_20260501173043_67b3c9ed7b,325
sim_20260501173043_a4dbe702e9,316
sim_20260501173044_286f4bbae6,275
sim_20260501173044_8fdf27a51b,280
sim_20260501173044_e365bc3b5a,277
sim_20260501173045_0a703e764e,285
sim_20260501173045_998d6216c0,305
sim_20260501173046_47dc2148f6,305
sim_20260501173046_c7b4a956b4,309
sim_20260501173047_5d786e6886,310
sim_20260501173047_7552132131,279
sim_20260501173047_c6c7667a14,337
sim_20260501173048_52631f4bbc,310
sim_20260501173048_c5a90b2e46,280
sim_20260501173049_4be89fbbca,305
sim_20260501173049_90fd162493,285
sim_20260501173049_cecd5aae69,282
sim_20260501173050_71251c3ad0,275
sim_20260501173050_8f754a1d0e,275
sim_20260501173051_1379904fa7,287
sim_20260501173051_b12bb5b356,277
sim_20260501173051_e3147eac81,299
sim_20260501173052_1ebedec66e,280
sim_20260501173052_b9e30adac8,275
sim_20260501173053_2313271913,322
sim_20260501173053_9c506887ee,290
sim_20260501173054_af5ddb7224,275
sim_20260501173054_ce885506be,283
sim_20260501173054_dcca4a68b2,275
sim_20260501173055_87c861cb8b,300
sim_20260501173055_f80aab8bc0,280
sim_20260501173056_4418471ea7,275
sim_20260501173056_caf8fb70ef,312
sim_20260501173057_4f048b310f,291
sim_20260501173057_a6f8b08df5,287
sim_20260501173057_c8caaa97d8,275
sim_20260501173058_5d7b11b6aa,312
sim_20260501173058_bceaf9918e,275
sim_20260501173059_0e16c301f9,282
sim_20260501173059_1e433d7224,302
sim_20260501173059_a8b3d3e108,276
sim_20260501173100_8acfb9ccfc,282
sim_20260501173100_c3d6f735d0,277
sim_20260501173101_0453ee30c7,275
sim_20260501173101_5229c43e13,324
sim_20260501173102_2f517d4f83,275
sim_20260501173102_472ebf01d2,296
sim_20260501173102_861baac9dd,313
sim_20260501173103_394bc4b160,279
sim_20260501173103_e0adf907f7,298
sim_20260501173104_5909bb3866,309
sim_20260501173104_bd664c6470,275
sim_20260501173104_d26d6a3310,286
sim_20260501173105_4a6b8cf6e1,322
sim_20260501173105_e6cabbc732,289
sim_20260501173106_94ab2e881b,326
sim_20260501173106_d339647c2f,286
sim_20260501173107_3c2cc89028,275
sim_20260501173107_4cb8cb7297,292
sim_20260501173107_a5ef6307fb,275
sim_20260501173108_54cc2f8c68,282
sim_20260501173108_ca48854c65,288
sim_20260501173109_130c6a71ac,281
sim_20260501173109_1cf46cb348,314
sim_20260501173109_9dc03f1ea7,275
sim_20260501173110_406bf52372,275
sim_20260501173110_5f8f537300,280
sim_20260501173111_102bce4f4f,285
sim_20260501173111_10cc6826cd,336
sim_20260501173111_665711f3e4,286
sim_20260501173112_0dcc34188e,296
sim_20260501173112_b6b558e815,325
sim_20260501173113_52dabacd3e,275
sim_20260501173113_73b1b21adf,275
sim_20260501173113_fce8d5926c,290
sim_20260501173114_920e7c9b40,298
sim_20260501173114_cffb42af33,287
sim_20260501173115_a9177f6f9a,306
sim_20260501173115_af5af245d1,309
sim_20260501173116_0097b8a2de,287
sim_20260501173116_6a2b1f0614,310
sim_20260501173116_855a63d6a7,284
sim_20260501173117_2fcbdbb1a0,322
sim_20260501173117_aa19c8561a,275
sim_20260501173118_06ca71f161,280
sim_20260501173118_3759bd51f2,286
sim_20260501173118_998d7deedb,275
sim_20260501173119_646f1431c7,288
sim_20260501173119_d5ccf8e3e0,277
sim_20260501173120_0526ef6487,291
sim_20260501173120_870ba6e3b5,321
sim_20260501173120_a8f18a68cc,314
sim_20260501173121_486d3d156f,297
sim_20260501173121_696f8cef89,284
sim_20260501173122_1c50140a7d,307
sim_20260501173122_8222db42c6,281
sim_20260501173123_0af3f3b9d6,324
sim_20260501173123_21027e2a62,283
sim_20260501173123_e2b4e4f816,277
sim_20260501173124_fc74345f8d,293
sim_20260501173124_ff94e64eaa,281
sim_20260501173125_089beefee3,306
sim_20260501173125_6ba83fff7f,275
sim_20260501173125_f71e30ef5d,295
sim_20260501173126_209a6dea25,322
sim_20260501173126_918e7a941f,285
sim_20260501173127_4dda6004e8,290
sim_20260501173127_a7d446a3d1,279
sim_20260501173127_d8da692b9b,334
sim_20260501173128_5b2e997aa8,307
sim_20260501173128_e023dc0cac,305
sim_20260501173129_19b027d7f6,287
sim_20260501173129_859c21e99f,283
sim_20260501173130_3377f919ba,284
sim_20260501173130_fd3089c231,324
sim_20260501173131_1ce97aff35,291
sim_20260501173131_486d50ffb8,286
sim_20260501173131_8717a52948,290
sim_20260501173132_39d38589f2,275
sim_20260501173132_df04361485,302
sim_20260501173133_04a0a928d8,297
sim_20260501173133_24ef97f36c,322
sim_20260501173133_9c8d5a680f,305
sim_20260501173134_3c50f5a6d5,316
sim_20260501173134_9a47d92fae,298
sim_20260501173135_42b01423b9,277
sim_20260501173135_4efbc996e1,275
sim_20260501173136_0846b014ca,295
sim_20260501173136_7723368c40,290
sim_20260501173136_906f7b84bc,285
sim_20260501173137_af29bbf387,311
sim_20260501173137_d07de9aa1e,275
sim_20260501173138_0563be1dd3,277
sim_20260501173138_7806287ae3,276
sim_20260501173139_88177ef5c9,325
sim_20260501173139_b483b9102e,277
sim_20260501173139_d98e91a41e,307
sim_20260501173140_8cb507044d,280
sim_20260501173140_f1c8f78dd9,275
sim_20260501173141_987aa6fa93,330
sim_20260501173141_aaeaff940f,277
sim_20260501173142_20df74d307,307
sim_20260501173142_2c57bfb778,275
sim_20260501173142_8fba985169,294
sim_20260501173143_6f7cd0e03c,312
sim_20260501173143_c17d850329,296
sim_20260501173144_479c572b0f,330
sim_20260501173144_887c1f5f7a,279
sim_20260501173144_8b3733cdd3,286
sim_20260501173145_87767e3197,312
sim_20260501173145_cc7e75441f,283
sim_20260501173146_08b55c7a55,277
sim_20260501173146_431c5d7902,320
sim_20260501173146_d21bed389d,275
sim_20260501173147_0295bd52f2,310
sim_20260501173147_b40a054937,281
sim_20260501173148_10fd0187d9,277
sim_20260501173148_e61b0bc732,280
sim_20260501173149_4f3131628f,289
sim_20260501173149_8aab2f6b0e,313
sim_20260501173149_f5b7de58a8,277
sim_20260501173150_0c5154208c,277
sim_20260501173150_6bd0b82923,275
sim_20260501173151_3fa9f9b7ff,280
sim_20260501173151_9e6867e987,280
sim_20260501173151_a09aa1f30c,295
sim_20260501173152_055044300e,320
sim_20260501173152_a64ac732aa,302
sim_20260501173153_1f95716568,275
sim_20260501173153_f09b878c16,281
sim_20260501173154_0674e49e99,302
sim_20260501173154_56fd0a522a,322
sim_20260501173154_992232dfc7,275
sim_20260501173155_4d13fe0614,305
sim_20260501173155_e56bbd4cf6,295
sim_20260501173156_2ceb699a40,295
sim_20260501173156_33d1d7c13b,305
sim_20260501173157_5f8027e649,310
sim_20260501173157_61e031f61a,307
sim_20260501173157_b727b2a24c,286
sim_20260501173158_6553d53c41,276
sim_20260501173158_9e1ebc753e,307
sim_20260501173159_7f4ac6b766,291
sim_20260501173159_8749c7bc38,291
sim_20260501173159_ced626e045,285
sim_20260501173200_887011daf7,275
sim_20260501173200_89082d80fc,279
sim_20260501173201_7c0437d888,337
sim_20260501173201_d9711d8032,298
sim_20260501173202_38b2768bbf,334
sim_20260501173202_8b3ed15ead,334
sim_20260501173202_a83d7c9615,298
sim_20260501173203_14a4dad3b7,288
sim_20260501173203_a2ffa5740f,275
sim_20260501173204_06fb7c7ebd,296
sim_20260501173204_0e35d00d48,310
sim_20260501173205_64819d32dc,275
sim_20260501173205_6f3943a8ae,293
sim_20260501173205_9dcc3fff11,285
sim_20260501173206_8f1e320f45,309
sim_20260501173206_c0a47dd1ad,275
sim_20260501173207_5548526491,277
sim_20260501173207_b013a83974,337
sim_20260501173207_ca94fdc7ea,283
sim_20260501173208_17e340dd86,297
sim_20260501173208_377dfd9743,277
sim_20260501173209_088018d0b1,275
sim_20260501173209_68f7a54b15,287
sim_20260501173210_5093e651b4,309
sim_20260501173210_70e499b40d,283
sim_20260501173210_ae3093ab76,303
sim_20260501173211_0056779d0a,298
sim_20260501173211_c76053fdf3,277
sim_20260501173212_2855860711,287
sim_20260501173212_3b6e5eeb94,298
sim_20260501173212_c637e5fda7,334
sim_20260501173213_8c52a80c07,295
sim_20260501173213_e7ad4649d4,292
sim_20260501173214_403c3ff6fb,289
sim_20260501173214_a76a742b47,281
sim_20260501173215_12a5a9bac0,324
sim_20260501173215_f314487b63,337
sim_20260501173216_50bda47357,288
sim_20260501173216_807a508e8c,303
sim_20260501173216_c8950c1f7f,283
sim_20260501173217_215832ea4a,336
sim_20260501173217_4f3513a877,277
sim_20260501173218_745fb4beba,281
sim_20260501173218_9351cbcd78,275
sim_20260501173219_3fa3d52500,279
sim_20260501173219_ebe2110154,328
sim_20260501173220_4b12bb74b9,296
sim_20260501173220_74db54a2c2,287
sim_20260501173220_e7c9022778,334
sim_20260501173221_5c46500b6a,290
sim_20260501173221_76bed74edd,280
sim_20260501173222_1d3654a1ee,280
sim_20260501173222_b29418e01f,283
sim_20260501173222_b9891624fa,290
sim_20260501173223_7b2c829d22,305
sim_20260501173223_b473d52013,303
sim_20260501173224_02467e1da8,288
sim_20260501173224_7522c862b9,275
sim_20260501173224_d89f47dde4,287
sim_20260501173225_7bda0b0269,275
sim_20260501173225_82b6adcf7b,275
sim_20260501173226_5075756058,277
sim_20260501173226_762651bdf3,280
sim_20260501173227_05b05136ac,289
sim_20260501173227_2806b8176c,342
sim_20260501173227_cc9505301a,334
sim_20260501173228_7595968313,299
sim_20260501173228_90861f487e,303
sim_20260501173229_36f497d5c3,283
sim_20260501173229_a28a33126d,284
sim_20260501173230_5b8efbf4c6,318
sim_20260501173230_860c1eec5c,280
sim_20260501173230_e8af37b6c4,292
sim_20260501173231_8c749bae9e,287
sim_20260501173231_dc37864398,280
sim_20260501173232_7bf80f04c4,312
sim_20260501173232_e77ef4e4e0,292
sim_20260501173233_7ef047b745,298
sim_20260501173233_8a9f8aa9e4,282
sim_20260501173233_f5b75a6b74,275
sim_20260501173234_6cca86172e,279
sim_20260501173234_89e529bc98,275
sim_20260501173235_c510e27ee6,278
sim_20260501173235_ca16871e31,306
sim_20260501173236_838fac316f,288
sim_20260501173236_9c82078761,275
sim_20260501173236_f1ae3f1d95,286
sim_20260501173237_d6a6254151,277
sim_20260501173237_e60113c925,280
sim_20260501173238_06057f60cb,286
sim_20260501173238_1b82707c61,305
sim_20260501173239_44208f93aa,289
sim_20260501173239_982fea4a90,279
sim_20260501173239_bb2bb3e6b3,306
sim_20260501173240_c18c3379c9,279
sim_20260501173240_c6e15e281b,290
sim_20260501173241_3d30f2eb38,323
sim_20260501173241_3fe20939ca,283
sim_20260501173241_ffa2ae8086,275
sim_20260501173242_ad934ec0af,289
sim_20260501173242_bcfc74cd0a,275
sim_20260501173243_6e0579d445,275
sim_20260501173243_d0ecb273a0,277
sim_20260501173244_0233be55db,293
sim_20260501173244_6120a337c0,289
sim_20260501173244_ea542a343c,300
sim_20260501173245_94f54098e2,287
sim_20260501173245_c896e171d0,325
sim_20260501173246_020b2a96a9,309
sim_20260501173246_2a6f4ce27f,283
sim_20260501173246_8907561cae,289
sim_20260501173247_8c51c8ad15,292
sim_20260501173247_ee7bc26328,305
sim_20260501173248_1bc729e854,324
sim_20260501173248_7455501e20,324
sim_20260501173249_1b3122d54d,282
sim_20260501173249_fdd1f3b0bd,279
sim_20260501173250_7247e70c7e,330
sim_20260501173250_bc6ef24b67,307
sim_20260501173250_f81adf8ee7,288
sim_20260501173251_9a8d62d38e,275
sim_20260501173251_dac5ff5361,295
sim_20260501173252_48c3081fff,275
sim_20260501173253_630efb0a5d,277
sim_20260501173253_eb1be03604,275
sim_20260501173254_87de57bcc7,287
sim_20260501173254_9680aa7450,325
sim_20260501173254_de26cfd07b,310
sim_20260501173255_16230ee1a8,291
sim_20260501173255_9bf66db219,324
sim_20260501173256_c7696558cb,279
sim_20260501173256_f6763f9cc4,290
sim_20260501173257_0533d89026,330
sim_20260501173257_981576de65,310
sim_20260501173258_69271731bb,275
sim_20260501173258_9e52098d6a,283
sim_20260501173259_c5334ec885,287
sim_20260501173259_c9c1be35a9,291
sim_20260501173259_f04be97861,279
sim_20260501173300_3b4664d1da,310
sim_20260501173300_43cc2c750c,291
sim_20260501173301_4bd941393e,296
sim_20260501173301_86ece13200,308
sim_20260501173302_9977a320d0,302
sim_20260501173302_b0fda5f422,285
sim_20260501173303_83ab7f565b,287
sim_20260501173303_f1e830cae1,277
sim_20260501173304_3a2e53e614,325
sim_20260501173304_ce37b6d45e,310
sim_20260501173304_eb817788be,282
sim_20260501173305_363f101965,325
sim_20260501173305_bbe5a97093,275
sim_20260501173306_264384af2d,275
sim_20260501173306_7b93b5ddf6,280
sim_20260501173306_f003d806c5,284
sim_20260501173307_a3e942e997,275
sim_20260501173307_ddf304c1ad,280
sim_20260501173308_b0afb0ff18,275
sim_20260501173308_e184a28acd,275
sim_20260501173309_63d121216a,275
sim_20260501173309_8272306e5e,337
sim_20260501173310_193ac4626e,337
sim_20260501173310_1ec8b95709,277
sim_20260501173310_2754ea436e,292
sim_20260501173311_1e8893fa45,305
sim_20260501173311_35cd50354c,325
sim_20260501173312_28c198e3fc,293
sim_20260501173312_833c5e497a,307
sim_20260501173313_1cd4159bbb,287
sim_20260501173313_291d2c2d37,275
sim_20260501173313_fa83990365,307
sim_20260501173314_c146680818,284
sim_20260501173314_f9ade61cf7,275
sim_20260501173315_65793cdc59,277
sim_20260501173315_7a0eea1dd1,305
sim_20260501173315_ad796a8fd6,294
sim_20260501173316_5fe729fa71,283
sim_20260501173316_da1e0b292a,311
sim_20260501173317_484dcddbf8,292
sim_20260501173317_50169c5931,287
sim_20260501173317_9cf7f9e2fc,286
sim_20260501173318_06e2a2508c,300
sim_20260501173318_214be014ad,295
sim_20260501173319_45b2fc7808,305
sim_20260501173319_c29eb27595,296
sim_20260501173320_326c577a7d,283
sim_20260501173320_7db64006c8,309
sim_20260501173320_9205ff6269,295
sim_20260501173321_00654df128,330
sim_20260501173321_5b53f6065e,280
sim_20260501173322_6966a40462,297
sim_20260501173322_b4f47a4d9b,279
sim_20260501173323_79e42f1f68,279
sim_20260501173323_9383e7bb3d,279
sim_20260501173323_b7528544fc,286
sim_20260501173324_5111918c4d,278
sim_20260501173324_c0daad7d56,275
sim_20260501173325_316d29119e,303
sim_20260501173325_c4f05d6e14,283
sim_20260501173325_d5698ab890,316
sim_20260501173326_4c3250fec4,277
sim_20260501173326_c4c0fb3ce1,296
sim_20260501173327_2fb4181702,330
sim_20260501173327_46e8e9cfb7,305
sim_20260501173327_c7a0dd4155,276
sim_20260501173328_11b8f3e6a1,288
sim_20260501173328_8d73f8f779,326
sim_20260501173329_5f27699b77,291
sim_20260501173329_d4fd7f468f,309
sim_20260501173330_38c6e5baf8,279
sim_20260501173330_b95a542f78,287
sim_20260501173330_d1a01642e3,302
sim_20260501173331_182acb5031,275
sim_20260501173331_cd1acf4e7e,275
sim_20260501173332_4fa5ec933f,275
sim_20260501173332_71f24f9b13,305
sim_20260501173333_113a3b2831,285
sim_20260501173333_2fb7a033df,280
sim_20260501173333_e87204f6fc,302
sim_20260501173334_22425263ef,275
sim_20260501173334_7bd9b7fedc,310
sim_20260501173335_b69f09f680,318
sim_20260501173335_dbfe9d26e4,286
sim_20260501173336_1ae7ee03a9,295
sim_20260501173336_4efe9d36d5,330
sim_20260501173336_d9e7eaed4a,285
sim_20260501173337_14cb245c70,275
sim_20260501173337_74a6cdc1de,310
sim_20260501173338_18be84fbeb,309
sim_20260501173338_3ffd1d7e2f,310
sim_20260501173338_c6c2bf0a6c,305
sim_20260501173339_8610cbb961,275
sim_20260501173339_954fc037a3,290
sim_20260501173340_84cb6cf744,334
sim_20260501173340_98623ee3ee,289
sim_20260501173341_225ce22a04,291
sim_20260501173341_fb7782f4a8,300
sim_20260501173342_6d74edb051,325
sim_20260501173342_a18e4c62a5,285
sim_20260501173342_c20351c2a1,275
sim_20260501173343_0d97e6ea38,279
sim_20260501173343_c5821aafc5,303
sim_20260501173344_55b6a39f3b,275
sim_20260501173344_a00d9495ce,280
sim_20260501173344_f4bc5447c9,275
sim_20260501173345_46225e0cc0,275
sim_20260501173345_5a1c8c97fd,275
sim_20260501173346_ab263d03bc,275
sim_20260501173346_e07407f9f7,295
sim_20260501173346_e7777986ca,277
sim_20260501173347_1337d1c8f4,305
sim_20260501173347_88799b0f11,286
sim_20260501173348_068d5f7481,303
sim_20260501173348_3314120392,291
sim_20260501173349_37f3d9e97c,296
sim_20260501173349_8b13269c34,324
sim_20260501173349_f12042dde7,275
sim_20260501173350_00ac48a19b,283
sim_20260501173350_d1b76b8b03,337
sim_20260501173351_7a6f33e8cc,295
sim_20260501173351_da681ce806,305
sim_20260501173352_510e106207,290
sim_20260501173352_5ee2e9c300,309
sim_20260501173352_6b46ce6eda,334
sim_20260501173353_79bdcec57d,307
sim_20260501173353_859266b35c,286
sim_20260501173354_6decac5d6c,279
sim_20260501173354_ad5b8d8e6e,275
sim_20260501173354_db543d07bd,284
sim_20260501173355_09ec5e43e6,303
sim_20260501173355_e8d1940c72,279
sim_20260501173356_0e3c0c78b3,279
sim_20260501173356_48e39a85c8,298
sim_20260501173356_55e73fffed,291
sim_20260501173357_4fa83a4218,275
sim_20260501173357_5cce2b4767,280
sim_20260501173358_1019126f48,287
sim_20260501173358_b835dfe1de,275
sim_20260501173359_1b7514dd71,307
sim_20260501173359_8c5275dbcf,280
sim_20260501173359_9492fd3f1f,286
sim_20260501173400_2413cbdc25,281
sim_20260501173400_54ea6e2b41,321
sim_20260501173401_00a14887f9,334
sim_20260501173401_2d7053e821,282
sim_20260501173402_0c7fa0eb68,292
sim_20260501173402_5fcdbd10f8,289
sim_20260501173402_82162218e2,282
sim_20260501173403_0385803d70,275
sim_20260501173403_d7c9cf3268,307
sim_20260501173404_16864e56d5,326
sim_20260501173404_276c2cffab,302
sim_20260501173404_dc52f898d9,279
sim_20260501173405_9f3b8d2203,280
sim_20260501173405_d1cb4fe41d,330
sim_20260501173406_547575f9a9,309
sim_20260501173406_d5c9005e8e,310
sim_20260501173407_0e214e350f,279
sim_20260501173407_79da4fa378,298
sim_20260501173408_015692bd5c,289
sim_20260501173408_54d04cdd44,288
sim_20260501173408_c4988e302a,279
sim_20260501173409_3446b2e8d1,278
sim_20260501173409_f60c2f2a9e,326
sim_20260501173410_94890d3cb7,288
sim_20260501173410_d784dc9c20,275
sim_20260501173411_0d6c34e4e7,280
sim_20260501173411_159be4763c,314
sim_20260501173411_72c9bc95f2,279
sim_20260501173412_47719b61d3,316
sim_20260501173412_f1fca73d1f,278
sim_20260501173413_4795c16994,307
sim_20260501173413_a8b69d4f00,275
sim_20260501173414_4a7ea4729f,277
sim_20260501173414_4b2316e23e,342
sim_20260501173414_6389d51325,303
sim_20260501173415_afc17c0628,307
sim_20260501173415_f4345f34c9,277
sim_20260501173416_6dd1147648,322
sim_20260501173416_e15db83a01,305
sim_20260501173417_6d8860b391,283
sim_20260501173417_7a7df3cf78,277
sim_20260501173417_d2b35a0781,310
sim_20260501173418_78590f89e3,275
sim_20260501173418_a6c9020582,295
sim_20260501173419_06e96b18c1,297
sim_20260501173419_0c173882ad,288
sim_20260501173419_17233dd104,281
sim_20260501173420_857279f0cc,286
sim_20260501173420_ffff9dde9c,330
sim_20260501173421_1e731f6550,277
sim_20260501173421_47073dd2da,334
sim_20260501173422_e4c9f22e74,291
sim_20260501173423_293bcd2596,298
sim_20260501173424_0fa34afe84,277
sim_20260501173424_7aa38f593e,296
sim_20260501173424_7dcc0a49fe,308
sim_20260501173425_216207489f,286
sim_20260501173425_49ab543052,275
sim_20260501173425_83464c5a50,284
sim_20260501173426_20a4b39be8,297
sim_20260501173426_7faf054baf,275
sim_20260501173427_3ab7887168,313
sim_20260501173427_e3c8eafc73,277
sim_20260501173428_431f44cd25,284
sim_20260501173428_81369f3fbf,275
sim_20260501173428_a5d56396b4,325
sim_20260501173429_b595708555,309
sim_20260501173429_d6e7577287,276
sim_20260501173430_1e3f013822,290
sim_20260501173430_54dbf5c2de,291
sim_20260501173431_8f4078b8c7,295
sim_20260501173431_b94da418ba,298
sim_20260501173432_21c3622d03,304
sim_20260501173432_cadeae8b67,321
sim_20260501173433_0677a55373,277
sim_20260501173433_3b5ecf29b0,307
sim_20260501173433_6f701c7b76,307
sim_20260501173434_ddceea7c2d,280
sim_20260501173434_e004af4988,307
sim_20260501173435_29ecb1177f,275
sim_20260501173435_e3f4c47e5e,286
sim_20260501173436_04cc29e8f3,290
sim_20260501173436_61c614fb8e,337
sim_20260501173437_7eb521a6b4,279
sim_20260501173437_bb4532b86d,310
sim_20260501173437_c55966a682,337
sim_20260501173438_072f16587a,280
sim_20260501173438_7242c41b3e,275
sim_20260501173439_42eee07ead,288
sim_20260501173439_7efcdb4469,275
sim_20260501173439_87792d6e27,303
sim_20260501173440_a7d0e521d2,310
sim_20260501173440_eb83461c4a,275
sim_20260501173441_64d9dff537,318
sim_20260501173441_fc0017d61d,322
sim_20260501173442_8062803d7a,283
sim_20260501173442_fdf39ad678,314
sim_20260501173443_654e1f5bfe,319
sim_20260501173443_8045fc61b2,284
sim_20260501173443_890604825c,334
sim_20260501173444_32cb220582,296
sim_20260501173444_6d18a08b49,284
sim_20260501173445_0d12690cfe,309
sim_20260501173445_fc6277cbdb,309
sim_20260501173446_0abcc9ca5e,320
sim_20260501173446_4a7690ff52,277
sim_20260501173446_5c575c44e2,277
sim_20260501173447_32f8b5bb53,295
sim_20260501173447_e9801c871e,280
sim_20260501173448_8932a5ee12,291
sim_20260501173448_f34b7f3731,278
sim_20260501173449_2ffd123c64,322
sim_20260501173449_71f2b21c6b,275
sim_20260501173449_928355a8f4,287
sim_20260501173450_2447c307a1,319
sim_20260501173450_ac425f5244,276
sim_20260501173451_a409d5e3d4,283
sim_20260501173451_bd56e3ec94,279
sim_20260501173452_2afb21a8f8,280
sim_20260501173452_3219edc976,280
sim_20260501173452_82f6e817a2,277
sim_20260501173453_bbe3484db3,287
sim_20260501173453_d24949d04d,282
sim_20260501173454_1b1d48232f,291
sim_20260501173454_f5b58c7c39,281
sim_20260501173455_2101a0d136,287
sim_20260501173455_561a2f1487,303
sim_20260501173455_5f7fb61360,299
sim_20260501173456_7428e03618,337
sim_20260501173456_dad2f0dc1c,277
sim_20260501173457_3f72916b45,330
sim_20260501173457_71e9c8f6e2,276
sim_20260501173458_1efbe5e26d,275
sim_20260501173458_893c0aa32d,320
sim_20260501173458_9f2dda943e,286
sim_20260501173459_225d313be2,297
sim_20260501173459_a4e93bdc53,275
sim_20260501173500_48642bf85c,290
sim_20260501173500_76ca5bd462,280
sim_20260501173500_aaec043b19,280
sim_20260501173501_7c6b44503a,305
sim_20260501173501_7ec29c06cf,280
sim_20260501173502_6a1f11b5a8,342
sim_20260501173502_c350600d57,328
sim_20260501173503_0607640dca,275
sim_20260501173503_31f079372a,297
sim_20260501173503_a4d8ed1418,275
sim_20260501173504_12b0730412,279
sim_20260501173504_787f16b068,296
sim_20260501173505_3f27de2447,278
sim_20260501173505_98229707a4,333
sim_20260501173506_1f8154bafe,296
sim_20260501173506_5f6eb8974c,297
sim_20260501173506_b54b9f0c4f,286
sim_20260501173507_1df3e62e39,307
sim_20260501173507_75e8693f4b,307
sim_20260501173508_c16b74f418,318
sim_20260501173508_ced7253f20,322
sim_20260501173509_80cc63ecf4,330
sim_20260501173509_9af71ddb4d,283
sim_20260501173509_cc1739daf9,291
sim_20260501173510_ab937a7cdf,275
sim_20260501173510_fc7439601d,322
sim_20260501173511_045bf34b64,275
sim_20260501173511_3a95ef56b4,275
sim_20260501173512_a9636d370a,275
sim_20260501173512_b0117af460,295
sim_20260501173512_bffe0b2bc4,281
sim_20260501173513_714d0680b8,275
sim_20260501173513_8c482835d2,310
sim_20260501173514_14334970ec,302
sim_20260501173514_46d523103a,310
sim_20260501173514_e1e8f7f8c5,279
sim_20260501173515_b6b6a4a88e,290
sim_20260501173515_cfacc12f28,314
sim_20260501173516_3d280298aa,280
sim_20260501173516_60b7d0f54c,275
sim_20260501173517_0fb1b474d8,288
sim_20260501173517_6201439fb6,296
sim_20260501173517_b351fdcca0,305
sim_20260501173518_4920994703,287
sim_20260501173518_7022f6749c,310
sim_20260501173519_5ea69d3f6a,310
sim_20260501173519_a04574d987,330
sim_20260501173520_07757ad7e4,286
sim_20260501173520_85fd734632,324
sim_20260501173520_bd7b1347c8,297
sim_20260501173521_8ad145c355,277
sim_20260501173521_8cfc155208,309
sim_20260501173522_287102364e,302
sim_20260501173522_2e620d62ac,283
sim_20260501173523_609011cda1,283
sim_20260501173523_953937a321,280
sim_20260501173523_afe6735241,291
sim_20260501173524_2a53f139ee,279
sim_20260501173524_b2d0f2c0a4,308
sim_20260501173525_880920233c,322
sim_20260501173525_ffea4d61de,287
sim_20260501173526_5c4b982c0e,280
sim_20260501173526_710c387ad7,283
sim_20260501173526_7d7857db00,314
sim_20260501173527_2a58437949,283
sim_20260501173527_eab5e86c97,321
sim_20260501173528_90820d7b42,279
sim_20260501173528_cf3711d4eb,310
sim_20260501173529_9c57aea26b,305
sim_20260501173529_b879da7940,296
sim_20260501173530_15317eee6e,295
sim_20260501173530_ed5f441821,321
sim_20260501173530_f66e59b11e,275
sim_20260501173531_787324c099,305
sim_20260501173531_87a505c96c,302
sim_20260501173532_ce2de64f05,284
sim_20260501173532_cfa4c4f7a7,277
sim_20260501173533_5ed585eaa1,295
sim_20260501173533_6ea42b5ff1,277
sim_20260501173533_8ae6aec745,310
sim_20260501173534_411371477a,323
sim_20260501173534_72046a09bd,279
sim_20260501173535_922bd3fb30,291
sim_20260501173535_eacdd98fc8,302
sim_20260501173536_01316642ec,287
sim_20260501173536_5cf7faad25,279
sim_20260501173536_bf29f40528,307
sim_20260501173537_1ad066088f,298
sim_20260501173537_89e13b0ca1,277
sim_20260501173538_67270c2ef1,287
sim_20260501173538_c0518253e3,310
sim_20260501173539_4b2f646b63,302
sim_20260501173539_d88af7557d,298
sim_20260501173540_ee72ec3cf1,275
sim_20260501173540_f4c057e94d,285
sim_20260501173541_52d7d195a7,285
sim_20260501173541_b713e23450,289
sim_20260501173542_2b6dbe69f9,279
sim_20260501173542_fee16bafd1,287
sim_20260501173543_3dc420b659,279
sim_20260501173543_d02684fffe,307
sim_20260501173544_91f48021b7,284
sim_20260501173544_c8435ebf97,298
sim_20260501173545_3f56fc4b8a,298
sim_20260501173545_4a6aa23a3d,303
sim_20260501173546_32eb47ce78,295
sim_20260501173546_4966eee3cd,305
sim_20260501173547_77a9c04423,283
sim_20260501173547_f5550eb989,310
sim_20260501173548_0b989d77a8,295
sim_20260501173548_4190185265,275
sim_20260501173549_11d6ba8067,287
sim_20260501173549_3526a379a2,279
sim_20260501173549_5ee31fcd90,283
sim_20260501173550_5c6364bed8,279
sim_20260501173550_ad3391d9e7,275
sim_20260501173551_aa20bf1317,300
sim_20260501173551_c5dcd1d63f,275
sim_20260501173552_a33559c97d,275
sim_20260501173552_b5113bbc06,283
sim_20260501173553_3a3372bfe5,277
sim_20260501173553_da5a2405e3,288
sim_20260501173553_f2aee893e4,275
sim_20260501173554_8d7687ffba,307
sim_20260501173554_e4d4cf4e67,286
sim_20260501173555_0792ab94a5,330
sim_20260501173555_4d396fbcb7,276
sim_20260501173556_5fc09fc8f5,280
sim_20260501173556_cc5f71da2b,286
sim_20260501173557_32807dd4d7,283
sim_20260501173557_f3eeb0827f,276
sim_20260501173558_217fb24bec,283
sim_20260501173558_3c7eb83f7a,305
sim_20260501173558_8e3d57e2e6,286
sim_20260501173559_3ba153ebf7,292
sim_20260501173559_e2deb449a0,277
sim_20260501173600_36a786a986,299
sim_20260501173600_3ce7a9a337,283
sim_20260501173601_1bf1f1a357,325
sim_20260501173601_41157938b1,279
sim_20260501173601_66dd01ee3b,336
sim_20260501173602_791f16314d,308
sim_20260501173602_c20348ce5f,276
sim_20260501173603_1a7f8a2f15,330
sim_20260501173603_5833d1a50b,275
sim_20260501173604_50de1957e9,305
sim_20260501173604_671bece49d,280
sim_20260501173605_3b02be37ac,323
sim_20260501173605_bf71514b3a,285
sim_20260501173605_e63e21feed,287
