simulation_id,exported_timepoints
sim_20260501172859_d50fd2fdce,11
sim_20260501172900_4efc669bba,11
sim_20260501172901_7cf1187ec5,11
sim_20260501172901_b16f4da7c5,11
sim_20260501172901_dd1a8b1f59,11
sim_20260501172902_8ba9ceca31,11
sim_20260501172902_e750d1da5d,11
sim_20260501172903_29b7548f96,11
sim_20260501172903_e60f00e931,11
sim_20260501172904_8072ddfad2,11
sim_20260501172904_e8c6fd1b37,11
sim_20260501172904_f3786c164f,11
sim_20260501172905_120fd23c31,11
sim_20260501172905_50d51c423b,11
sim_20260501172906_bdb3743e2c,11
sim_20260501172906_ec9eb5f1a4,11
sim_20260501172907_714424c271,11
sim_20260501172907_805597647d,11
sim_20260501172907_eb8dc41617,11
sim_20260501172908_6ffb1c1e10,11
sim_20260501172908_e4ea28d103,11
sim_20260501172909_4b10852c40,11
sim_20260501172909_87d9cf0a9b,11
sim_20260501172909_d24563d775,11
sim_20260501172910_39bb68138d,11
sim_20260501172910_f4ce2aa51e,11
sim_20260501172911_284c602c02,11
sim_20260501172911_e084e292ff,11
sim_20260501172912_845d9343ef,11
sim_20260501172912_b6cece12f6,11
sim_20260501172912_fa720a6c7c,11
sim_20260501172913_4d7216d057,11
sim_20260501172913_50aeac4273,11
sim_20260501172914_5ccef83fdd,11
sim_20260501172914_744fb81636,11
sim_20260501172914_bc169b8cab,11
sim_20260501172915_c69a2a45aa,11
sim_20260501172915_cc7bdda79b,11
sim_20260501172916_39c9edf39a,11
sim_20260501172916_54c9f87546,11
sim_20260501172916_73811b4177,11
sim_20260501172917_0c0f532927,11
sim_20260501172917_c200368396,11
sim_20260501172918_5f5bf65448,11
sim_20260501172918_75e2a8d41e,11
sim_20260501172918_8817938238,11
sim_20260501172919_8515abf3f0,11
sim_20260501172919_b3cfc1c916,11
sim_20260501172920_8e5bc6e6c4,11
sim_20260501172920_96afb47476,11
sim_20260501172920_a8fefa3589,11
sim_20260501172921_6edeb58745,11
sim_20260501172921_f4550970cf,11
sim_20260501172922_86ef7d80c5,11
sim_20260501172922_d7de851083,11
sim_20260501172923_127054c9db,11
sim_20260501172923_31c11f26dc,11
sim_20260501172923_c9f5b1a3aa,11
sim_20260501172924_ae7a403ea0,11
sim_20260501172924_c4ef06c7e8,11
sim_20260501172925_20283755a6,11
sim_20260501172925_c3b0fbfb84,11
sim_20260501172925_cab65d4e90,11
sim_20260501172926_a2b9f16cd7,11
sim_20260501172926_ad2705f434,11
sim_20260501172927_25ea4ca655,11
sim_20260501172927_52846bafd4,11
sim_20260501172927_6181bf1ac3,11
sim_20260501172928_38b03e5a87,11
sim_20260501172928_9e848f6f2b,11
sim_20260501172929_555a5b7cff,11
sim_20260501172929_6312ca478d,11
sim_20260501172929_85896c81c4,11
sim_20260501172930_55316181a6,11
sim_20260501172930_e2e8308ed1,11
sim_20260501172931_23e2265ddb,11
sim_20260501172931_3d3612a57b,11
sim_20260501172932_37f2bd7a48,11
sim_20260501172932_393386b4cb,11
sim_20260501172932_823c6671ff,11
sim_20260501172933_8e07dec5d2,11
sim_20260501172933_cedca5e8e1,11
sim_20260501172934_2d86b17484,11
sim_20260501172934_53700e773e,11
sim_20260501172935_af9b929011,11
sim_20260501172935_d08d1c4145,11
sim_20260501172935_ee3cd16ef7,11
sim_20260501172936_109d3a3d7e,11
sim_20260501172936_3bc30d4a56,11
sim_20260501172937_2efa03df83,11
sim_20260501172937_50b99fdfe2,11
sim_20260501172937_ffd14f40d9,11
sim_20260501172938_0365a18aff,11
sim_20260501172938_cd3ada2c20,11
sim_20260501172939_abc4a5c7a7,11
sim_20260501172939_ca512f2b1b,11
sim_20260501172939_fab3f111f4,11
sim_20260501172940_bdcf84d5dd,11
sim_20260501172940_d3015f7bd5,11
sim_20260501172941_6d5d680605,11
sim_20260501172941_e0c8274584,11
sim_20260501172942_47390dcebf,11
sim_20260501172942_c23f05df6f,11
sim_20260501172942_c2bd4f40ed,11
sim_20260501172943_1953a963f6,11
sim_20260501172943_2af38b2f7f,11
sim_20260501172944_08b0d919e7,11
sim_20260501172944_f7e1047dfe,11
sim_20260501172945_7e00ad9976,11
sim_20260501172945_879733552a,11
sim_20260501172945_aeba39e3ca,11
sim_20260501172946_1620156d8c,11
sim_20260501172946_38ff662bb5,11
sim_20260501172947_207dc84321,11
sim_20260501172947_e4d4e68623,11
sim_20260501172948_15454e83d6,11
sim_20260501172948_288481fe62,11
sim_20260501172949_6805543bd8,11
sim_20260501172949_70c18bed84,11
sim_20260501172949_e0428d8b64,11
sim_20260501172950_457dd53630,11
sim_20260501172950_8e5d0ff2a7,11
sim_20260501172951_05107b8b5c,11
sim_20260501172951_0cf8e9374f,11
sim_20260501172951_f78f5c07a8,11
sim_20260501172952_0f1ad29185,11
sim_20260501172952_fa6e967505,11
sim_20260501172953_66bfadf8c8,11
sim_20260501172953_f4e877cdd8,11
sim_20260501172954_1e7c703c98,11
sim_20260501172954_49fc4621b7,11
sim_20260501172954_f7934f8660,11
sim_20260501172955_96d7eb8d8a,11
sim_20260501172955_a576c2280f,11
sim_20260501172956_2283479100,11
sim_20260501172956_66fecafae6,11
sim_20260501172956_d2e764b8a5,11
sim_20260501172957_202ebcbe60,11
sim_20260501172957_be691f6759,11
sim_20260501172958_906f4c20fd,11
sim_20260501172958_ac52a9b50f,11
sim_20260501172959_1bc10af6b8,11
sim_20260501172959_b9015e174b,11
sim_20260501173000_2717c9f609,11
sim_20260501173000_508416972b,11
sim_20260501173001_2b65f1a1b8,11
sim_20260501173001_6c9f467638,11
sim_20260501173001_a6edd07edb,11
sim_20260501173002_68f1c7581a,11
sim_20260501173002_9baf2207da,11
sim_20260501173003_55e988b277,11
sim_20260501173003_8cfa7fde53,11
sim_20260501173003_addf4ede8a,11
sim_20260501173004_8740c04f74,11
sim_20260501173004_bc4f73a3c9,11
sim_20260501173005_372211be40,11
sim_20260501173005_56b34eefdb,11
sim_20260501173005_75ab108fd5,11
sim_20260501173006_481b413b62,11
sim_20260501173006_68d74fe85b,11
sim_20260501173007_28fba146a8,11
sim_20260501173007_b68dc38cdb,11
sim_20260501173007_bd538be579,11
sim_20260501173008_c456f04bfc,11
sim_20260501173008_d8e31f4996,11
sim_20260501173009_5bee36cbb1,11
sim_20260501173009_6f0a50bbe8,11
sim_20260501173009_f0fa322599,11
sim_20260501173010_e6be3e9660,11
sim_20260501173010_f501fcbb9e,11
sim_20260501173011_4f4a0c6b5a,11
sim_20260501173011_a75851d300,11
sim_20260501173011_e5c36a0f0c,11
sim_20260501173012_322560dcaf,11
sim_20260501173012_cafdab101f,11
sim_20260501173013_04a7761f8d,11
sim_20260501173013_c76fb9105e,11
sim_20260501173014_02313a02b0,11
sim_20260501173014_3eec940faf,11
sim_20260501173014_b7fe70f2bc,11
sim_20260501173015_153f140188,11
sim_20260501173015_c219554194,11
sim_20260501173016_21e55b3aaa,11
sim_20260501173016_8c02fbcc79,11
sim_20260501173016_e4154fac2b,11
sim_20260501173017_7cda4f5124,11
sim_20260501173017_fa12222f84,11
sim_20260501173018_007d7601e0,11
sim_20260501173018_03c9d3bd93,11
sim_20260501173018_da6536b52f,11
sim_20260501173019_09f8a528fd,11
sim_20260501173019_c34fa11534,11
sim_20260501173020_6640553168,11
sim_20260501173020_6c183f2b91,11
sim_20260501173020_9882a4712c,11
sim_20260501173021_3231bc3ae9,11
sim_20260501173021_5e628a3405,11
sim_20260501173022_04cea37f8d,11
sim_20260501173022_fa82be8faf,11
sim_20260501173023_bc57fe0e99,11
sim_20260501173023_ca4299bf76,11
sim_20260501173023_ccc90bada5,11
sim_20260501173024_91fab24949,11
sim_20260501173024_aaf5136073,11
sim_20260501173025_2ae834ce91,11
sim_20260501173025_e6b2c030a6,11
sim_20260501173025_ea17923d56,11
sim_20260501173026_2ed4bca050,11
sim_20260501173026_6159c8f4c0,11
sim_20260501173027_08fc472c05,11
sim_20260501173027_6013b18bee,11
sim_20260501173028_0b100dde3b,11
sim_20260501173028_1e4d39b3a8,11
sim_20260501173028_e6e44fc8a2,11
sim_20260501173029_43baad7da3,11
sim_20260501173029_b47ba1ba90,11
sim_20260501173030_454abd384d,11
sim_20260501173030_5a4bd9e24c,11
sim_20260501173030_b6bc453c86,11
sim_20260501173031_2e833224c2,11
sim_20260501173031_7c51172406,11
sim_20260501173032_163c3c53f7,11
sim_20260501173032_1b0c50995e,11
sim_20260501173033_0acdbc57d5,11
sim_20260501173033_cb2713d273,11
sim_20260501173033_fa36cdeba4,11
sim_20260501173034_d138cdc19d,11
sim_20260501173034_ed0d675c88,11
sim_20260501173035_3f732a2ea3,11
sim_20260501173035_ac75a7439c,11
sim_20260501173036_1c56ce7224,11
sim_20260501173036_4c63ae4f94,11
sim_20260501173036_67fcc9148d,11
sim_20260501173037_8baecefca0,11
sim_20260501173037_f7645c525b,11
sim_20260501173038_14534b3412,11
sim_20260501173038_3c173ab685,11
sim_20260501173039_84c251096f,11
sim_20260501173039_d6150f3665,11
sim_20260501173039_da2d2d6295,11
sim_20260501173040_0e70d8529a,11
sim_20260501173040_e30286a0fb,11
sim_20260501173041_064f034091,11
sim_20260501173041_5af768dda9,11
sim_20260501173041_6e5d6bdec2,11
sim_20260501173042_0246945f63,11
sim_20260501173042_963762a8de,11
sim_20260501173043_67b3c9ed7b,11
sim_20260501173043_a4dbe702e9,11
sim_20260501173044_286f4bbae6,11
sim_20260501173044_8fdf27a51b,11
sim_20260501173044_e365bc3b5a,11
sim_20260501173045_0a703e764e,11
sim_20260501173045_998d6216c0,11
sim_20260501173046_47dc2148f6,11
sim_20260501173046_c7b4a956b4,11
sim_20260501173047_5d786e6886,11
sim_20260501173047_7552132131,11
sim_20260501173047_c6c7667a14,11
sim_20260501173048_52631f4bbc,11
sim_20260501173048_c5a90b2e46,11
sim_20260501173049_4be89fbbca,11
sim_20260501173049_90fd162493,11
sim_20260501173049_cecd5aae69,11
sim_20260501173050_71251c3ad0,11
sim_20260501173050_8f754a1d0e,11
sim_20260501173051_1379904fa7,11
sim_20260501173051_b12bb5b356,11
sim_20260501173051_e3147eac81,11
sim_20260501173052_1ebedec66e,11
sim_20260501173052_b9e30adac8,11
sim_20260501173053_2313271913,11
sim_20260501173053_9c506887ee,11
sim_20260501173054_af5ddb7224,11
sim_20260501173054_ce885506be,11
sim_20260501173054_dcca4a68b2,11
sim_20260501173055_87c861cb8b,11
sim_20260501173055_f80aab8bc0,11
sim_20260501173056_4418471ea7,11
sim_20260501173056_caf8fb70ef,11
sim_20260501173057_4f048b310f,11
sim_20260501173057_a6f8b08df5,11
sim_20260501173057_c8caaa97d8,11
sim_20260501173058_5d7b11b6aa,11
sim_20260501173058_bceaf9918e,11
sim_20260501173059_0e16c301f9,11
sim_20260501173059_1e433d7224,11
sim_20260501173059_a8b3d3e108,11
sim_20260501173100_8acfb9ccfc,11
sim_20260501173100_c3d6f735d0,11
sim_20260501173101_0453ee30c7,11
sim_20260501173101_5229c43e13,11
sim_20260501173102_2f517d4f83,11
sim_20260501173102_472ebf01d2,11
sim_20260501173102_861baac9dd,11
sim_20260501173103_394bc4b160,11
sim_20260501173103_e0adf907f7,11
sim_20260501173104_5909bb3866,11
sim_20260501173104_bd664c6470,11
sim_20260501173104_d26d6a3310,11
sim_20260501173105_4a6b8cf6e1,11
sim_20260501173105_e6cabbc732,11
sim_20260501173106_94ab2e881b,11
sim_20260501173106_d339647c2f,11
sim_20260501173107_3c2cc89028,11
sim_20260501173107_4cb8cb7297,11
sim_20260501173107_a5ef6307fb,11
sim_20260501173108_54cc2f8c68,11
sim_20260501173108_ca48854c65,11
sim_20260501173109_130c6a71ac,11
sim_20260501173109_1cf46cb348,11
sim_20260501173109_9dc03f1ea7,11
sim_20260501173110_406bf52372,11
sim_20260501173110_5f8f537300,11
sim_20260501173111_102bce4f4f,11
sim_20260501173111_10cc6826cd,11
sim_20260501173111_665711f3e4,11
sim_20260501173112_0dcc34188e,11
sim_20260501173112_b6b558e815,11
sim_20260501173113_52dabacd3e,11
sim_20260501173113_73b1b21adf,11
sim_20260501173113_fce8d5926c,11
sim_20260501173114_920e7c9b40,11
sim_20260501173114_cffb42af33,11
sim_20260501173115_a9177f6f9a,11
sim_20260501173115_af5af245d1,11
sim_20260501173116_0097b8a2de,11
sim_20260501173116_6a2b1f0614,11
sim_20260501173116_855a63d6a7,11
sim_20260501173117_2fcbdbb1a0,11
sim_20260501173117_aa19c8561a,11
sim_20260501173118_06ca71f161,11
sim_20260501173118_3759bd51f2,11
sim_20260501173118_998d7deedb,11
sim_20260501173119_646f1431c7,11
sim_20260501173119_d5ccf8e3e0,11
sim_20260501173120_0526ef6487,11
sim_20260501173120_870ba6e3b5,11
sim_20260501173120_a8f18a68cc,11
sim_20260501173121_486d3d156f,11
sim_20260501173121_696f8cef89,11
sim_20260501173122_1c50140a7d,11
sim_20260501173122_8222db42c6,11
sim_20260501173123_0af3f3b9d6,11
sim_20260501173123_21027e2a62,11
sim_20260501173123_e2b4e4f816,11
sim_20260501173124_fc74345f8d,11
sim_20260501173124_ff94e64eaa,11
sim_20260501173125_089beefee3,11
sim_20260501173125_6ba83fff7f,11
sim_20260501173125_f71e30ef5d,11
sim_20260501173126_209a6dea25,11
sim_20260501173126_918e7a941f,11
sim_20260501173127_4dda6004e8,11
sim_20260501173127_a7d446a3d1,11
sim_20260501173127_d8da692b9b,11
sim_20260501173128_5b2e997aa8,11
sim_20260501173128_e023dc0cac,11
sim_20260501173129_19b027d7f6,11
sim_20260501173129_859c21e99f,11
sim_20260501173130_3377f919ba,11
sim_20260501173130_fd3089c231,11
sim_20260501173131_1ce97aff35,11
sim_20260501173131_486d50ffb8,11
sim_20260501173131_8717a52948,11
sim_20260501173132_39d38589f2,11
sim_20260501173132_df04361485,11
sim_20260501173133_04a0a928d8,11
sim_20260501173133_24ef97f36c,11
sim_20260501173133_9c8d5a680f,11
sim_20260501173134_3c50f5a6d5,11
sim_20260501173134_9a47d92fae,11
sim_20260501173135_42b01423b9,11
sim_20260501173135_4efbc996e1,11
sim_20260501173136_0846b014ca,11
sim_20260501173136_7723368c40,11
sim_20260501173136_906f7b84bc,11
sim_20260501173137_af29bbf387,11
sim_20260501173137_d07de9aa1e,11
sim_20260501173138_0563be1dd3,11
sim_20260501173138_7806287ae3,11
sim_20260501173139_88177ef5c9,11
sim_20260501173139_b483b9102e,11
sim_20260501173139_d98e91a41e,11
sim_20260501173140_8cb507044d,11
sim_20260501173140_f1c8f78dd9,11
sim_20260501173141_987aa6fa93,11
sim_20260501173141_aaeaff940f,11
sim_20260501173142_20df74d307,11
sim_20260501173142_2c57bfb778,11
sim_20260501173142_8fba985169,11
sim_20260501173143_6f7cd0e03c,11
sim_20260501173143_c17d850329,11
sim_20260501173144_479c572b0f,11
sim_20260501173144_887c1f5f7a,11
sim_20260501173144_8b3733cdd3,11
sim_20260501173145_87767e3197,11
sim_20260501173145_cc7e75441f,11
sim_20260501173146_08b55c7a55,11
sim_20260501173146_431c5d7902,11
sim_20260501173146_d21bed389d,11
sim_20260501173147_0295bd52f2,11
sim_20260501173147_b40a054937,11
sim_20260501173148_10fd0187d9,11
sim_20260501173148_e61b0bc732,11
sim_20260501173149_4f3131628f,11
sim_20260501173149_8aab2f6b0e,11
sim_20260501173149_f5b7de58a8,11
sim_20260501173150_0c5154208c,11
sim_20260501173150_6bd0b82923,11
sim_20260501173151_3fa9f9b7ff,11
sim_20260501173151_9e6867e987,11
sim_20260501173151_a09aa1f30c,11
sim_20260501173152_055044300e,11
sim_20260501173152_a64ac732aa,11
sim_20260501173153_1f95716568,11
sim_20260501173153_f09b878c16,11
sim_20260501173154_0674e49e99,11
sim_20260501173154_56fd0a522a,11
sim_20260501173154_992232dfc7,11
sim_20260501173155_4d13fe0614,11
sim_20260501173155_e56bbd4cf6,11
sim_20260501173156_2ceb699a40,11
sim_20260501173156_33d1d7c13b,11
sim_20260501173157_5f8027e649,11
sim_20260501173157_61e031f61a,11
sim_20260501173157_b727b2a24c,11
sim_20260501173158_6553d53c41,11
sim_20260501173158_9e1ebc753e,11
sim_20260501173159_7f4ac6b766,11
sim_20260501173159_8749c7bc38,11
sim_20260501173159_ced626e045,11
sim_20260501173200_887011daf7,11
sim_20260501173200_89082d80fc,11
sim_20260501173201_7c0437d888,11
sim_20260501173201_d9711d8032,11
sim_20260501173202_38b2768bbf,11
sim_20260501173202_8b3ed15ead,11
sim_20260501173202_a83d7c9615,11
sim_20260501173203_14a4dad3b7,11
sim_20260501173203_a2ffa5740f,11
sim_20260501173204_06fb7c7ebd,11
sim_20260501173204_0e35d00d48,11
sim_20260501173205_64819d32dc,11
sim_20260501173205_6f3943a8ae,11
sim_20260501173205_9dcc3fff11,11
sim_20260501173206_8f1e320f45,11
sim_20260501173206_c0a47dd1ad,11
sim_20260501173207_5548526491,11
sim_20260501173207_b013a83974,11
sim_20260501173207_ca94fdc7ea,11
sim_20260501173208_17e340dd86,11
sim_20260501173208_377dfd9743,11
sim_20260501173209_088018d0b1,11
sim_20260501173209_68f7a54b15,11
sim_20260501173210_5093e651b4,11
sim_20260501173210_70e499b40d,11
sim_20260501173210_ae3093ab76,11
sim_20260501173211_0056779d0a,11
sim_20260501173211_c76053fdf3,11
sim_20260501173212_2855860711,11
sim_20260501173212_3b6e5eeb94,11
sim_20260501173212_c637e5fda7,11
sim_20260501173213_8c52a80c07,11
sim_20260501173213_e7ad4649d4,11
sim_20260501173214_403c3ff6fb,11
sim_20260501173214_a76a742b47,11
sim_20260501173215_12a5a9bac0,11
sim_20260501173215_f314487b63,11
sim_20260501173216_50bda47357,11
sim_20260501173216_807a508e8c,11
sim_20260501173216_c8950c1f7f,11
sim_20260501173217_215832ea4a,11
sim_20260501173217_4f3513a877,11
sim_20260501173218_745fb4beba,11
sim_20260501173218_9351cbcd78,11
sim_20260501173219_3fa3d52500,11
sim_20260501173219_ebe2110154,11
sim_20260501173220_4b12bb74b9,11
sim_20260501173220_74db54a2c2,11
sim_20260501173220_e7c9022778,11
sim_20260501173221_5c46500b6a,11
sim_20260501173221_76bed74edd,11
sim_20260501173222_1d3654a1ee,11
sim_20260501173222_b29418e01f,11
sim_20260501173222_b9891624fa,11
sim_20260501173223_7b2c829d22,11
sim_20260501173223_b473d52013,11
sim_20260501173224_02467e1da8,11
sim_20260501173224_7522c862b9,11
sim_20260501173224_d89f47dde4,11
sim_20260501173225_7bda0b0269,11
sim_20260501173225_82b6adcf7b,11
sim_20260501173226_5075756058,11
sim_20260501173226_762651bdf3,11
sim_20260501173227_05b05136ac,11
sim_20260501173227_2806b8176c,11
sim_20260501173227_cc9505301a,11
sim_20260501173228_7595968313,11
sim_20260501173228_90861f487e,11
sim_20260501173229_36f497d5c3,11
sim_20260501173229_a28a33126d,11
sim_20260501173230_5b8efbf4c6,11
sim_20260501173230_860c1eec5c,11
sim_20260501173230_e8af37b6c4,11
sim_20260501173231_8c749bae9e,11
sim_20260501173231_dc37864398,11
sim_20260501173232_7bf80f04c4,11
sim_20260501173232_e77ef4e4e0,11
sim_20260501173233_7ef047b745,11
sim_20260501173233_8a9f8aa9e4,11
sim_20260501173233_f5b75a6b74,11
sim_20260501173234_6cca86172e,11
sim_20260501173234_89e529bc98,11
sim_20260501173235_c510e27ee6,11
sim_20260501173235_ca16871e31,11
sim_20260501173236_838fac316f,11
sim_20260501173236_9c82078761,11
sim_20260501173236_f1ae3f1d95,11
sim_20260501173237_d6a6254151,11
sim_20260501173237_e60113c925,11
sim_20260501173238_06057f60cb,11
sim_20260501173238_1b82707c61,11
sim_20260501173239_44208f93aa,11
sim_20260501173239_982fea4a90,11
sim_20260501173239_bb2bb3e6b3,11
sim_20260501173240_c18c3379c9,11
sim_20260501173240_c6e15e281b,11
sim_20260501173241_3d30f2eb38,11
sim_20260501173241_3fe20939ca,11
sim_20260501173241_ffa2ae8086,11
sim_20260501173242_ad934ec0af,11
sim_20260501173242_bcfc74cd0a,11
sim_20260501173243_6e0579d445,11
sim_20260501173243_d0ecb273a0,11
sim_20260501173244_0233be55db,11
sim_20260501173244_6120a337c0,11
sim_20260501173244_ea542a343c,11
sim_20260501173245_94f54098e2,11
sim_20260501173245_c896e171d0,11
sim_20260501173246_020b2a96a9,11
sim_20260501173246_2a6f4ce27f,11
sim_20260501173246_8907561cae,11
sim_20260501173247_8c51c8ad15,11
sim_20260501173247_ee7bc26328,11
sim_20260501173248_1bc729e854,11
sim_20260501173248_7455501e20,11
sim_20260501173249_1b3122d54d,11
sim_20260501173249_fdd1f3b0bd,11
sim_20260501173250_7247e70c7e,11
sim_20260501173250_bc6ef24b67,11
sim_20260501173250_f81adf8ee7,11
sim_20260501173251_9a8d62d38e,11
sim_20260501173251_dac5ff5361,11
sim_20260501173252_48c3081fff,11
sim_20260501173253_630efb0a5d,11
sim_20260501173253_eb1be03604,11
sim_20260501173254_87de57bcc7,11
sim_20260501173254_9680aa7450,11
sim_20260501173254_de26cfd07b,11
sim_20260501173255_16230ee1a8,11
sim_20260501173255_9bf66db219,11
sim_20260501173256_c7696558cb,11
sim_20260501173256_f6763f9cc4,11
sim_20260501173257_0533d89026,11
sim_20260501173257_981576de65,11
sim_20260501173258_69271731bb,11
sim_20260501173258_9e52098d6a,11
sim_20260501173259_c5334ec885,11
sim_20260501173259_c9c1be35a9,11
sim_20260501173259_f04be97861,11
sim_20260501173300_3b4664d1da,11
sim_20260501173300_43cc2c750c,11
sim_20260501173301_4bd941393e,11
sim_20260501173301_86ece13200,11
sim_20260501173302_9977a320d0,11
sim_20260501173302_b0fda5f422,11
sim_20260501173303_83ab7f565b,11
sim_20260501173303_f1e830cae1,11
sim_20260501173304_3a2e53e614,11
sim_20260501173304_ce37b6d45e,11
sim_20260501173304_eb817788be,11
sim_20260501173305_363f101965,11
sim_20260501173305_bbe5a97093,11
sim_20260501173306_264384af2d,11
sim_20260501173306_7b93b5ddf6,11
sim_20260501173306_f003d806c5,11
sim_20260501173307_a3e942e997,11
sim_20260501173307_ddf304c1ad,11
sim_20260501173308_b0afb0ff18,11
sim_20260501173308_e184a28acd,11
sim_20260501173309_63d121216a,11
sim_20260501173309_8272306e5e,11
sim_20260501173310_193ac4626e,11
sim_20260501173310_1ec8b95709,11
sim_20260501173310_2754ea436e,11
sim_20260501173311_1e8893fa45,11
sim_20260501173311_35cd50354c,11
sim_20260501173312_28c198e3fc,11
sim_20260501173312_833c5e497a,11
sim_20260501173313_1cd4159bbb,11
sim_20260501173313_291d2c2d37,11
sim_20260501173313_fa83990365,11
sim_20260501173314_c146680818,11
sim_20260501173314_f9ade61cf7,11
sim_20260501173315_65793cdc59,11
sim_20260501173315_7a0eea1dd1,11
sim_20260501173315_ad796a8fd6,11
sim_20260501173316_5fe729fa71,11
sim_20260501173316_da1e0b292a,11
sim_20260501173317_484dcddbf8,11
sim_20260501173317_50169c5931,11
sim_20260501173317_9cf7f9e2fc,11
sim_20260501173318_06e2a2508c,11
sim_20260501173318_214be014ad,11
sim_20260501173319_45b2fc7808,11
sim_20260501173319_c29eb27595,11
sim_20260501173320_326c577a7d,11
sim_20260501173320_7db64006c8,11
sim_20260501173320_9205ff6269,11
sim_20260501173321_00654df128,11
sim_20260501173321_5b53f6065e,11
sim_20260501173322_6966a40462,11
sim_20260501173322_b4f47a4d9b,11
sim_20260501173323_79e42f1f68,11
sim_20260501173323_9383e7bb3d,11
sim_20260501173323_b7528544fc,11
sim_20260501173324_5111918c4d,11
sim_20260501173324_c0daad7d56,11
sim_20260501173325_316d29119e,11
sim_20260501173325_c4f05d6e14,11
sim_20260501173325_d5698ab890,11
sim_20260501173326_4c3250fec4,11
sim_20260501173326_c4c0fb3ce1,11
sim_20260501173327_2fb4181702,11
sim_20260501173327_46e8e9cfb7,11
sim_20260501173327_c7a0dd4155,11
sim_20260501173328_11b8f3e6a1,11
sim_20260501173328_8d73f8f779,11
sim_20260501173329_5f27699b77,11
sim_20260501173329_d4fd7f468f,11
sim_20260501173330_38c6e5baf8,11
sim_20260501173330_b95a542f78,11
sim_20260501173330_d1a01642e3,11
sim_20260501173331_182acb5031,11
sim_20260501173331_cd1acf4e7e,11
sim_20260501173332_4fa5ec933f,11
sim_20260501173332_71f24f9b13,11
sim_20260501173333_113a3b2831,11
sim_20260501173333_2fb7a033df,11
sim_20260501173333_e87204f6fc,11
sim_20260501173334_22425263ef,11
sim_20260501173334_7bd9b7fedc,11
sim_20260501173335_b69f09f680,11
sim_20260501173335_dbfe9d26e4,11
sim_20260501173336_1ae7ee03a9,11
sim_20260501173336_4efe9d36d5,11
sim_20260501173336_d9e7eaed4a,11
sim_20260501173337_14cb245c70,11
sim_20260501173337_74a6cdc1de,11
sim_20260501173338_18be84fbeb,11
sim_20260501173338_3ffd1d7e2f,11
sim_20260501173338_c6c2bf0a6c,11
sim_20260501173339_8610cbb961,11
sim_20260501173339_954fc037a3,11
sim_20260501173340_84cb6cf744,11
sim_20260501173340_98623ee3ee,11
sim_20260501173341_225ce22a04,11
sim_20260501173341_fb7782f4a8,11
sim_20260501173342_6d74edb051,11
sim_20260501173342_a18e4c62a5,11
sim_20260501173342_c20351c2a1,11
sim_20260501173343_0d97e6ea38,11
sim_20260501173343_c5821aafc5,11
sim_20260501173344_55b6a39f3b,11
sim_20260501173344_a00d9495ce,11
sim_20260501173344_f4bc5447c9,11
sim_20260501173345_46225e0cc0,11
sim_20260501173345_5a1c8c97fd,11
sim_20260501173346_ab263d03bc,11
sim_20260501173346_e07407f9f7,11
sim_20260501173346_e7777986ca,11
sim_20260501173347_1337d1c8f4,11
sim_20260501173347_88799b0f11,11
sim_20260501173348_068d5f7481,11
sim_20260501173348_3314120392,11
sim_20260501173349_37f3d9e97c,11
sim_20260501173349_8b13269c34,11
sim_20260501173349_f12042dde7,11
sim_20260501173350_00ac48a19b,11
sim_20260501173350_d1b76b8b03,11
sim_20260501173351_7a6f33e8cc,11
sim_20260501173351_da681ce806,11
sim_20260501173352_510e106207,11
sim_20260501173352_5ee2e9c300,11
sim_20260501173352_6b46ce6eda,11
sim_20260501173353_79bdcec57d,11
sim_20260501173353_859266b35c,11
sim_20260501173354_6decac5d6c,11
sim_20260501173354_ad5b8d8e6e,11
sim_20260501173354_db543d07bd,11
sim_20260501173355_09ec5e43e6,11
sim_20260501173355_e8d1940c72,11
sim_20260501173356_0e3c0c78b3,11
sim_20260501173356_48e39a85c8,11
sim_20260501173356_55e73fffed,11
sim_20260501173357_4fa83a4218,11
sim_20260501173357_5cce2b4767,11
sim_20260501173358_1019126f48,11
sim_20260501173358_b835dfe1de,11
sim_20260501173359_1b7514dd71,11
sim_20260501173359_8c5275dbcf,11
sim_20260501173359_9492fd3f1f,11
sim_20260501173400_2413cbdc25,11
sim_20260501173400_54ea6e2b41,11
sim_20260501173401_00a14887f9,11
sim_20260501173401_2d7053e821,11
sim_20260501173402_0c7fa0eb68,11
sim_20260501173402_5fcdbd10f8,11
sim_20260501173402_82162218e2,11
sim_20260501173403_0385803d70,11
sim_20260501173403_d7c9cf3268,11
sim_20260501173404_16864e56d5,11
sim_20260501173404_276c2cffab,11
sim_20260501173404_dc52f898d9,11
sim_20260501173405_9f3b8d2203,11
sim_20260501173405_d1cb4fe41d,11
sim_20260501173406_547575f9a9,11
sim_20260501173406_d5c9005e8e,11
sim_20260501173407_0e214e350f,11
sim_20260501173407_79da4fa378,11
sim_20260501173408_015692bd5c,11
sim_20260501173408_54d04cdd44,11
sim_20260501173408_c4988e302a,11
sim_20260501173409_3446b2e8d1,11
sim_20260501173409_f60c2f2a9e,11
sim_20260501173410_94890d3cb7,11
sim_20260501173410_d784dc9c20,11
sim_20260501173411_0d6c34e4e7,11
sim_20260501173411_159be4763c,11
sim_20260501173411_72c9bc95f2,11
sim_20260501173412_47719b61d3,11
sim_20260501173412_f1fca73d1f,11
sim_20260501173413_4795c16994,11
sim_20260501173413_a8b69d4f00,11
sim_20260501173414_4a7ea4729f,11
sim_20260501173414_4b2316e23e,11
sim_20260501173414_6389d51325,11
sim_20260501173415_afc17c0628,11
sim_20260501173415_f4345f34c9,11
sim_20260501173416_6dd1147648,11
sim_20260501173416_e15db83a01,11
sim_20260501173417_6d8860b391,11
sim_20260501173417_7a7df3cf78,11
sim_20260501173417_d2b35a0781,11
sim_20260501173418_78590f89e3,11
sim_20260501173418_a6c9020582,11
sim_20260501173419_06e96b18c1,11
sim_20260501173419_0c173882ad,11
sim_20260501173419_17233dd104,11
sim_20260501173420_857279f0cc,11
sim_20260501173420_ffff9dde9c,11
sim_20260501173421_1e731f6550,11
sim_20260501173421_47073dd2da,11
sim_20260501173422_e4c9f22e74,11
sim_20260501173423_293bcd2596,11
sim_20260501173424_0fa34afe84,11
sim_20260501173424_7aa38f593e,11
sim_20260501173424_7dcc0a49fe,11
sim_20260501173425_216207489f,11
sim_20260501173425_49ab543052,11
sim_20260501173425_83464c5a50,11
sim_20260501173426_20a4b39be8,11
sim_20260501173426_7faf054baf,11
sim_20260501173427_3ab7887168,11
sim_20260501173427_e3c8eafc73,11
sim_20260501173428_431f44cd25,11
sim_20260501173428_81369f3fbf,11
sim_20260501173428_a5d56396b4,11
sim_20260501173429_b595708555,11
sim_20260501173429_d6e7577287,11
sim_20260501173430_1e3f013822,11
sim_20260501173430_54dbf5c2de,11
sim_20260501173431_8f4078b8c7,11
sim_20260501173431_b94da418ba,11
sim_20260501173432_21c3622d03,11
sim_20260501173432_cadeae8b67,11
sim_20260501173433_0677a55373,11
sim_20260501173433_3b5ecf29b0,11
sim_20260501173433_6f701c7b76,11
sim_20260501173434_ddceea7c2d,11
sim_20260501173434_e004af4988,11
sim_20260501173435_29ecb1177f,11
sim_20260501173435_e3f4c47e5e,11
sim_20260501173436_04cc29e8f3,11
sim_20260501173436_61c614fb8e,11
sim_20260501173437_7eb521a6b4,11
sim_20260501173437_bb4532b86d,11
sim_20260501173437_c55966a682,11
sim_20260501173438_072f16587a,11
sim_20260501173438_7242c41b3e,11
sim_20260501173439_42eee07ead,11
sim_20260501173439_7efcdb4469,11
sim_20260501173439_87792d6e27,11
sim_20260501173440_a7d0e521d2,11
sim_20260501173440_eb83461c4a,11
sim_20260501173441_64d9dff537,11
sim_20260501173441_fc0017d61d,11
sim_20260501173442_8062803d7a,11
sim_20260501173442_fdf39ad678,11
sim_20260501173443_654e1f5bfe,11
sim_20260501173443_8045fc61b2,11
sim_20260501173443_890604825c,11
sim_20260501173444_32cb220582,11
sim_20260501173444_6d18a08b49,11
sim_20260501173445_0d12690cfe,11
sim_20260501173445_fc6277cbdb,11
sim_20260501173446_0abcc9ca5e,11
sim_20260501173446_4a7690ff52,11
sim_20260501173446_5c575c44e2,11
sim_20260501173447_32f8b5bb53,11
sim_20260501173447_e9801c871e,11
sim_20260501173448_8932a5ee12,11
sim_20260501173448_f34b7f3731,11
sim_20260501173449_2ffd123c64,11
sim_20260501173449_71f2b21c6b,11
sim_20260501173449_928355a8f4,11
sim_20260501173450_2447c307a1,11
sim_20260501173450_ac425f5244,11
sim_20260501173451_a409d5e3d4,11
sim_20260501173451_bd56e3ec94,11
sim_20260501173452_2afb21a8f8,11
sim_20260501173452_3219edc976,11
sim_20260501173452_82f6e817a2,11
sim_20260501173453_bbe3484db3,11
sim_20260501173453_d24949d04d,11
sim_20260501173454_1b1d48232f,11
sim_20260501173454_f5b58c7c39,11
sim_20260501173455_2101a0d136,11
sim_20260501173455_561a2f1487,11
sim_20260501173455_5f7fb61360,11
sim_20260501173456_7428e03618,11
sim_20260501173456_dad2f0dc1c,11
sim_20260501173457_3f72916b45,11
sim_20260501173457_71e9c8f6e2,11
sim_20260501173458_1efbe5e26d,11
sim_20260501173458_893c0aa32d,11
sim_20260501173458_9f2dda943e,11
sim_20260501173459_225d313be2,11
sim_20260501173459_a4e93bdc53,11
sim_20260501173500_48642bf85c,11
sim_20260501173500_76ca5bd462,11
sim_20260501173500_aaec043b19,11
sim_20260501173501_7c6b44503a,11
sim_20260501173501_7ec29c06cf,11
sim_20260501173502_6a1f11b5a8,11
sim_20260501173502_c350600d57,11
sim_20260501173503_0607640dca,11
sim_20260501173503_31f079372a,11
sim_20260501173503_a4d8ed1418,11
sim_20260501173504_12b0730412,11
sim_20260501173504_787f16b068,11
sim_20260501173505_3f27de2447,11
sim_20260501173505_98229707a4,11
sim_20260501173506_1f8154bafe,11
sim_20260501173506_5f6eb8974c,11
sim_20260501173506_b54b9f0c4f,11
sim_20260501173507_1df3e62e39,11
sim_20260501173507_75e8693f4b,11
sim_20260501173508_c16b74f418,11
sim_20260501173508_ced7253f20,11
sim_20260501173509_80cc63ecf4,11
sim_20260501173509_9af71ddb4d,11
sim_20260501173509_cc1739daf9,11
sim_20260501173510_ab937a7cdf,11
sim_20260501173510_fc7439601d,11
sim_20260501173511_045bf34b64,11
sim_20260501173511_3a95ef56b4,11
sim_20260501173512_a9636d370a,11
sim_20260501173512_b0117af460,11
sim_20260501173512_bffe0b2bc4,11
sim_20260501173513_714d0680b8,11
sim_20260501173513_8c482835d2,11
sim_20260501173514_14334970ec,11
sim_20260501173514_46d523103a,11
sim_20260501173514_e1e8f7f8c5,11
sim_20260501173515_b6b6a4a88e,11
sim_20260501173515_cfacc12f28,11
sim_20260501173516_3d280298aa,11
sim_20260501173516_60b7d0f54c,11
sim_20260501173517_0fb1b474d8,11
sim_20260501173517_6201439fb6,11
sim_20260501173517_b351fdcca0,11
sim_20260501173518_4920994703,11
sim_20260501173518_7022f6749c,11
sim_20260501173519_5ea69d3f6a,11
sim_20260501173519_a04574d987,11
sim_20260501173520_07757ad7e4,11
sim_20260501173520_85fd734632,11
sim_20260501173520_bd7b1347c8,11
sim_20260501173521_8ad145c355,11
sim_20260501173521_8cfc155208,11
sim_20260501173522_287102364e,11
sim_20260501173522_2e620d62ac,11
sim_20260501173523_609011cda1,11
sim_20260501173523_953937a321,11
sim_20260501173523_afe6735241,11
sim_20260501173524_2a53f139ee,11
sim_20260501173524_b2d0f2c0a4,11
sim_20260501173525_880920233c,11
sim_20260501173525_ffea4d61de,11
sim_20260501173526_5c4b982c0e,11
sim_20260501173526_710c387ad7,11
sim_20260501173526_7d7857db00,11
sim_20260501173527_2a58437949,11
sim_20260501173527_eab5e86c97,11
sim_20260501173528_90820d7b42,11
sim_20260501173528_cf3711d4eb,11
sim_20260501173529_9c57aea26b,11
sim_20260501173529_b879da7940,11
sim_20260501173530_15317eee6e,11
sim_20260501173530_ed5f441821,11
sim_20260501173530_f66e59b11e,11
sim_20260501173531_787324c099,11
sim_20260501173531_87a505c96c,11
sim_20260501173532_ce2de64f05,11
sim_20260501173532_cfa4c4f7a7,11
sim_20260501173533_5ed585eaa1,11
sim_20260501173533_6ea42b5ff1,11
sim_20260501173533_8ae6aec745,11
sim_20260501173534_411371477a,11
sim_20260501173534_72046a09bd,11
sim_20260501173535_922bd3fb30,11
sim_20260501173535_eacdd98fc8,11
sim_20260501173536_01316642ec,11
sim_20260501173536_5cf7faad25,11
sim_20260501173536_bf29f40528,11
sim_20260501173537_1ad066088f,11
sim_20260501173537_89e13b0ca1,11
sim_20260501173538_67270c2ef1,11
sim_20260501173538_c0518253e3,11
sim_20260501173539_4b2f646b63,11
sim_20260501173539_d88af7557d,11
sim_20260501173540_ee72ec3cf1,11
sim_20260501173540_f4c057e94d,11
sim_20260501173541_52d7d195a7,11
sim_20260501173541_b713e23450,11
sim_20260501173542_2b6dbe69f9,11
sim_20260501173542_fee16bafd1,11
sim_20260501173543_3dc420b659,11
sim_20260501173543_d02684fffe,11
sim_20260501173544_91f48021b7,11
sim_20260501173544_c8435ebf97,11
sim_20260501173545_3f56fc4b8a,11
sim_20260501173545_4a6aa23a3d,11
sim_20260501173546_32eb47ce78,11
sim_20260501173546_4966eee3cd,11
sim_20260501173547_77a9c04423,11
sim_20260501173547_f5550eb989,11
sim_20260501173548_0b989d77a8,11
sim_20260501173548_4190185265,11
sim_20260501173549_11d6ba8067,11
sim_20260501173549_3526a379a2,11
sim_20260501173549_5ee31fcd90,11
sim_20260501173550_5c6364bed8,11
sim_20260501173550_ad3391d9e7,11
sim_20260501173551_aa20bf1317,11
sim_20260501173551_c5dcd1d63f,11
sim_20260501173552_a33559c97d,11
sim_20260501173552_b5113bbc06,11
sim_20260501173553_3a3372bfe5,11
sim_20260501173553_da5a2405e3,11
sim_20260501173553_f2aee893e4,11
sim_20260501173554_8d7687ffba,11
sim_20260501173554_e4d4cf4e67,11
sim_20260501173555_0792ab94a5,11
sim_20260501173555_4d396fbcb7,11
sim_20260501173556_5fc09fc8f5,11
sim_20260501173556_cc5f71da2b,11
sim_20260501173557_32807dd4d7,11
sim_20260501173557_f3eeb0827f,11
sim_20260501173558_217fb24bec,11
sim_20260501173558_3c7eb83f7a,11
sim_20260501173558_8e3d57e2e6,11
sim_20260501173559_3ba153ebf7,11
sim_20260501173559_e2deb449a0,11
sim_20260501173600_36a786a986,11
sim_20260501173600_3ce7a9a337,11
sim_20260501173601_1bf1f1a357,11
sim_20260501173601_41157938b1,11
sim_20260501173601_66dd01ee3b,11
sim_20260501173602_791f16314d,11
sim_20260501173602_c20348ce5f,11
sim_20260501173603_1a7f8a2f15,11
sim_20260501173603_5833d1a50b,11
sim_20260501173604_50de1957e9,11
sim_20260501173604_671bece49d,11
sim_20260501173605_3b02be37ac,11
sim_20260501173605_bf71514b3a,11
sim_20260501173605_e63e21feed,11
