table,column,min,max,median,iqr_outliers
simulations,flow_rate,0.1,1.0,0.5,0
simulations,adhesion_wall,0.2,0.8,0.5,0
simulations,adhesion_cell,0.3,0.6,0.6,0
simulations,diffusion_rate,0.01,0.05,0.01,0
simulations,signal_decay,0.005,0.01,0.005,0
simulations,qs_threshold,0.3,0.6,0.6,0
simulations,division_rate,0.005,0.01,0.01,0
simulations,eps_rate,0.01,0.03,0.03,0
simulations,runtime,100.0,100.0,100.0,0
simulations,random_seed,1.0,3.0,2.0,0
cells,timepoint,0.0,100.0,50.0,0
cells,x,0.0,126.774,27.2549,12688
cells,y,3.95726,198.0,135.433,0
cells,volume,12.0,14.5,12.75,0
cells,local_signal,0.0,5.12728,0.244814,31824
clusters,timepoint,10.0,100.0,50.0,0
clusters,cluster_size,1.0,7.0,4.0,0
clusters,center_x,3.94759,34.0541,19.4898,1451
clusters,center_y,193.252,197.435,195.221,3510
clusters,density,0.0229956,1.0,0.0483559,1804
flow_field,x,3.125,496.875,250.0,0
flow_field,y,2.5,197.5,100.0,0
flow_field,velocity_x,0.00125,0.9875,0.16875,54560
flow_field,velocity_y,0.0,0.0,0.0,0
flow_field,shear,0.0005,0.005,0.0025,0
simulation_summary,final_cell_count,25.0,35.0,28.0,0
simulation_summary,biofilm_area,57.75,100.68,86.64,143
simulation_summary,biofilm_thickness,3.93567,9.9656,7.52309,0
simulation_summary,surface_coverage,0.008,0.014,0.01,0
simulation_summary,mean_cluster_size,2.0,7.0,6.0,0
simulation_summary,max_cluster_size,2.0,7.0,6.0,0
simulation_summary,cluster_count,1.0,3.0,1.0,0
simulation_summary,roughness,0.582577,2.88482,1.924615,0
simulation_summary,qs_active_ratio,0.0,0.28,0.212121,143
simulation_summary,eps_fraction,0.0,0.0625,0.0,0
simulation_summary,time_to_first_cluster,1.0,2.0,1.0,0
simulation_summary,time_to_stable_biofilm,1.0,13.0,3.0,53
