table,column,missing_count,missing_fraction
simulations,simulation_id,0,0.0
simulations,flow_rate,0,0.0
simulations,adhesion_wall,0,0.0
simulations,adhesion_cell,0,0.0
simulations,diffusion_rate,0,0.0
simulations,signal_decay,0,0.0
simulations,qs_threshold,0,0.0
simulations,division_rate,0,0.0
simulations,eps_rate,0,0.0
simulations,runtime,0,0.0
simulations,created_at,0,0.0
simulations,random_seed,0,0.0
cells,cell_id,0,0.0
cells,simulation_id,0,0.0
cells,timepoint,0,0.0
cells,x,0,0.0
cells,y,0,0.0
cells,state,0,0.0
cells,volume,0,0.0
cells,local_signal,0,0.0
cells,cluster_id,237289,0.8083509625375153
clusters,cluster_id,0,0.0
clusters,simulation_id,0,0.0
clusters,timepoint,0,0.0
clusters,cluster_size,0,0.0
clusters,center_x,0,0.0
clusters,center_y,0,0.0
clusters,density,0,0.0
flow_field,simulation_id,0,0.0
flow_field,x,0,0.0
flow_field,y,0,0.0
flow_field,velocity_x,0,0.0
flow_field,velocity_y,0,0.0
flow_field,shear,0,0.0
simulation_summary,simulation_id,0,0.0
simulation_summary,final_cell_count,0,0.0
simulation_summary,biofilm_area,0,0.0
simulation_summary,biofilm_thickness,0,0.0
simulation_summary,surface_coverage,0,0.0
simulation_summary,mean_cluster_size,0,0.0
simulation_summary,max_cluster_size,0,0.0
simulation_summary,cluster_count,0,0.0
simulation_summary,roughness,0,0.0
simulation_summary,qs_active_ratio,0,0.0
simulation_summary,eps_fraction,0,0.0
simulation_summary,time_to_first_cluster,0,0.0
simulation_summary,time_to_stable_biofilm,0,0.0
