simulation_id,flow_rate,adhesion_wall,adhesion_cell,diffusion_rate,signal_decay,qs_threshold,division_rate,eps_rate,runtime,random_seed,created_at
sim_20260430180450_ce766074b6,0.1,0.2,0.3,0.01,0.005,0.3,0.005,0.01,25,1,2026-04-30T18:04:50+00:00
sim_20260430180450_12900ef96a,0.1,0.2,0.3,0.01,0.005,0.3,0.005,0.01,25,2,2026-04-30T18:04:50+00:00
sim_20260430180450_9de072d2e4,0.1,0.2,0.3,0.01,0.005,0.3,0.005,0.01,25,3,2026-04-30T18:04:50+00:00
sim_20260430180450_8632cebed3,0.1,0.2,0.3,0.01,0.005,0.3,0.005,0.03,25,1,2026-04-30T18:04:50+00:00
sim_20260430180450_88d38b1c05,0.1,0.2,0.3,0.01,0.005,0.3,0.005,0.03,25,2,2026-04-30T18:04:50+00:00
sim_20260430180450_55944ccd56,0.1,0.2,0.3,0.01,0.005,0.3,0.005,0.03,25,3,2026-04-30T18:04:50+00:00
sim_20260430180450_ea40258089,0.1,0.2,0.3,0.01,0.005,0.3,0.01,0.01,25,1,2026-04-30T18:04:50+00:00
sim_20260430180450_8023818c2b,0.1,0.2,0.3,0.01,0.005,0.3,0.01,0.01,25,2,2026-04-30T18:04:50+00:00
sim_20260430180841_81e42cc22f,0.5,0.6,0.5,0.05,0.01,0.6,0.01,0.02,50,1,2026-04-30T18:08:41+00:00
sim_20260430181447_d8c43f54f0,0.5,0.6,0.5,0.05,0.01,0.6,0.01,0.02,50,1,2026-04-30T18:14:47+00:00
sim_20260430235648_fb3fe621ca,0.5,0.8,0.6,0.05,0.005,0.6,0.005,0.01,100,3,2026-04-30T23:56:48+00:00
sim_20260430235648_1730a2a930,1.0,0.5,0.3,0.05,0.005,0.6,0.01,0.03,100,2,2026-04-30T23:56:48+00:00
sim_20260430235648_f67af8441f,0.5,0.8,0.6,0.05,0.01,0.6,0.005,0.03,100,2,2026-04-30T23:56:48+00:00
sim_20260430235649_2f4b1b46f5,0.5,0.5,0.3,0.01,0.005,0.3,0.005,0.03,100,1,2026-04-30T23:56:49+00:00
sim_20260430235649_794598feef,0.5,0.5,0.6,0.05,0.01,0.3,0.01,0.01,100,3,2026-04-30T23:56:49+00:00
sim_20260430235649_b5f137884a,0.5,0.2,0.3,0.05,0.01,0.6,0.005,0.03,100,3,2026-04-30T23:56:49+00:00
sim_20260430235649_b99382b1bc,1.0,0.8,0.3,0.05,0.01,0.3,0.005,0.03,100,3,2026-04-30T23:56:49+00:00
sim_20260430235649_05fd0b6897,0.5,0.8,0.6,0.01,0.005,0.3,0.01,0.01,100,2,2026-04-30T23:56:49+00:00
sim_20260430235649_260d136e69,0.5,0.5,0.6,0.01,0.01,0.3,0.01,0.01,100,1,2026-04-30T23:56:49+00:00
sim_20260430235649_a51ec0bda8,0.1,0.5,0.6,0.05,0.01,0.6,0.005,0.03,100,2,2026-04-30T23:56:49+00:00
sim_20260430235649_5663f2724c,0.1,0.2,0.6,0.01,0.01,0.6,0.005,0.03,100,2,2026-04-30T23:56:49+00:00
sim_20260430235649_243d1a0cbb,1.0,0.2,0.3,0.05,0.005,0.3,0.01,0.01,100,2,2026-04-30T23:56:49+00:00
sim_20260430235649_299a964671,0.1,0.8,0.3,0.01,0.005,0.6,0.005,0.01,100,1,2026-04-30T23:56:49+00:00
sim_20260430235649_788f2e8443,1.0,0.5,0.3,0.05,0.01,0.3,0.005,0.01,100,2,2026-04-30T23:56:49+00:00
sim_20260430235649_19f3f4c3c7,1.0,0.5,0.3,0.01,0.01,0.3,0.005,0.03,100,3,2026-04-30T23:56:49+00:00
sim_20260430235649_925ef1f20d,1.0,0.5,0.6,0.05,0.01,0.6,0.01,0.01,100,1,2026-04-30T23:56:49+00:00
sim_20260430235649_99ae5141d7,0.5,0.2,0.6,0.05,0.005,0.6,0.005,0.03,100,2,2026-04-30T23:56:49+00:00
sim_20260430235650_49d2bbad4e,0.5,0.5,0.6,0.01,0.005,0.6,0.005,0.01,100,3,2026-04-30T23:56:50+00:00
sim_20260430235650_3d04f134f1,0.1,0.5,0.6,0.01,0.005,0.3,0.005,0.01,100,3,2026-04-30T23:56:50+00:00
sim_20260430235650_390f6c44a7,1.0,0.8,0.3,0.05,0.01,0.6,0.01,0.03,100,1,2026-04-30T23:56:50+00:00
sim_20260430235650_fab4dc77eb,1.0,0.8,0.6,0.05,0.005,0.6,0.005,0.01,100,3,2026-04-30T23:56:50+00:00
sim_20260430235650_c7f5ca30a2,1.0,0.8,0.6,0.05,0.005,0.6,0.01,0.01,100,2,2026-04-30T23:56:50+00:00
sim_20260430235650_6f1e594145,0.1,0.2,0.6,0.01,0.005,0.3,0.005,0.03,100,1,2026-04-30T23:56:50+00:00
sim_20260430235650_d042dfb27b,1.0,0.8,0.3,0.01,0.01,0.6,0.01,0.01,100,2,2026-04-30T23:56:50+00:00
sim_20260430235650_6f7f041bee,0.1,0.5,0.6,0.05,0.005,0.6,0.01,0.03,100,3,2026-04-30T23:56:50+00:00
sim_20260430235650_8e5dd63854,0.1,0.2,0.3,0.05,0.005,0.6,0.005,0.01,100,1,2026-04-30T23:56:50+00:00
sim_20260430235650_06898b135a,0.1,0.8,0.6,0.01,0.005,0.3,0.01,0.01,100,1,2026-04-30T23:56:50+00:00
sim_20260430235650_6742cf948b,0.1,0.8,0.3,0.01,0.005,0.6,0.005,0.03,100,1,2026-04-30T23:56:50+00:00
sim_20260430235650_6b979704e8,0.5,0.8,0.6,0.01,0.01,0.3,0.01,0.03,100,1,2026-04-30T23:56:50+00:00
sim_20260430235650_100bdb8716,1.0,0.5,0.3,0.05,0.005,0.6,0.01,0.03,100,1,2026-04-30T23:56:50+00:00
sim_20260430235651_d03cb23fc8,0.1,0.2,0.6,0.01,0.01,0.3,0.005,0.03,100,3,2026-04-30T23:56:51+00:00
sim_20260430235651_8ad9ab7f71,0.5,0.8,0.6,0.01,0.005,0.6,0.01,0.03,100,1,2026-04-30T23:56:51+00:00
sim_20260430235651_d206cfb80e,0.1,0.5,0.3,0.05,0.005,0.6,0.01,0.03,100,3,2026-04-30T23:56:51+00:00
sim_20260430235651_2db94d7264,1.0,0.8,0.6,0.01,0.01,0.6,0.01,0.01,100,1,2026-04-30T23:56:51+00:00
sim_20260430235651_accf12b13b,0.5,0.8,0.3,0.01,0.005,0.6,0.01,0.01,100,2,2026-04-30T23:56:51+00:00
sim_20260430235651_1b1a0a38e7,1.0,0.5,0.6,0.01,0.01,0.6,0.005,0.03,100,1,2026-04-30T23:56:51+00:00
sim_20260430235651_266ec204d0,1.0,0.8,0.3,0.01,0.005,0.6,0.005,0.03,100,2,2026-04-30T23:56:51+00:00
sim_20260430235651_e5a79f5406,1.0,0.8,0.3,0.01,0.01,0.3,0.01,0.01,100,3,2026-04-30T23:56:51+00:00
sim_20260430235651_d777c3b905,0.5,0.5,0.6,0.05,0.005,0.6,0.005,0.01,100,2,2026-04-30T23:56:51+00:00
sim_20260430235651_86f1265c73,0.5,0.8,0.3,0.01,0.01,0.3,0.01,0.01,100,1,2026-04-30T23:56:51+00:00
sim_20260430235651_6cf395f64b,1.0,0.8,0.3,0.01,0.01,0.3,0.005,0.03,100,3,2026-04-30T23:56:51+00:00
sim_20260430235651_e6b1ced7c6,0.5,0.8,0.3,0.01,0.01,0.3,0.005,0.03,100,3,2026-04-30T23:56:51+00:00
sim_20260430235652_68fa40c715,0.1,0.5,0.3,0.05,0.005,0.6,0.01,0.01,100,2,2026-04-30T23:56:52+00:00
sim_20260430235652_36b39a51e7,1.0,0.5,0.3,0.05,0.01,0.3,0.005,0.01,100,1,2026-04-30T23:56:52+00:00
sim_20260430235652_5144396c4b,1.0,0.2,0.6,0.05,0.005,0.3,0.01,0.01,100,1,2026-04-30T23:56:52+00:00
sim_20260430235652_c0acc14013,0.1,0.5,0.6,0.01,0.005,0.6,0.01,0.01,100,2,2026-04-30T23:56:52+00:00
sim_20260430235652_e523540458,1.0,0.2,0.6,0.01,0.005,0.6,0.005,0.01,100,2,2026-04-30T23:56:52+00:00
sim_20260430235652_b9cbac450c,0.1,0.8,0.3,0.01,0.005,0.3,0.005,0.03,100,1,2026-04-30T23:56:52+00:00
sim_20260430235652_b5e31342d5,0.5,0.2,0.3,0.05,0.01,0.3,0.005,0.01,100,1,2026-04-30T23:56:52+00:00
sim_20260430235652_2ec415d240,1.0,0.2,0.6,0.01,0.005,0.3,0.005,0.03,100,3,2026-04-30T23:56:52+00:00
sim_20260430235652_e862e1fa72,0.5,0.5,0.6,0.05,0.005,0.6,0.01,0.01,100,1,2026-04-30T23:56:52+00:00
sim_20260430235652_a6641a9d87,0.1,0.2,0.6,0.01,0.01,0.6,0.005,0.01,100,2,2026-04-30T23:56:52+00:00
sim_20260430235652_f285d22ff7,0.1,0.2,0.6,0.01,0.005,0.3,0.005,0.01,100,3,2026-04-30T23:56:52+00:00
sim_20260430235652_c0a4e4b51d,0.1,0.8,0.6,0.05,0.01,0.3,0.01,0.01,100,3,2026-04-30T23:56:52+00:00
sim_20260430235652_11dee61dc0,1.0,0.8,0.3,0.01,0.005,0.6,0.01,0.01,100,3,2026-04-30T23:56:52+00:00
sim_20260430235652_9835a0ca77,0.5,0.8,0.3,0.01,0.005,0.6,0.005,0.01,100,3,2026-04-30T23:56:52+00:00
sim_20260430235653_981935d011,0.1,0.5,0.6,0.05,0.01,0.3,0.005,0.01,100,2,2026-04-30T23:56:53+00:00
sim_20260430235653_32123ad7e4,1.0,0.8,0.6,0.01,0.01,0.3,0.01,0.01,100,1,2026-04-30T23:56:53+00:00
sim_20260430235653_0eacc8f524,1.0,0.8,0.6,0.05,0.005,0.3,0.005,0.01,100,1,2026-04-30T23:56:53+00:00
sim_20260430235653_c3d427bf64,0.1,0.2,0.3,0.01,0.005,0.6,0.01,0.01,100,1,2026-04-30T23:56:53+00:00
sim_20260430235653_bc1db1c409,0.1,0.2,0.3,0.05,0.01,0.6,0.01,0.01,100,2,2026-04-30T23:56:53+00:00
sim_20260430235653_eab3fad458,1.0,0.2,0.6,0.01,0.01,0.3,0.005,0.03,100,3,2026-04-30T23:56:53+00:00
sim_20260430235653_fed3cf3dfd,0.1,0.5,0.6,0.01,0.005,0.3,0.005,0.03,100,3,2026-04-30T23:56:53+00:00
sim_20260430235653_a81997137c,1.0,0.8,0.6,0.05,0.01,0.6,0.01,0.03,100,1,2026-04-30T23:56:53+00:00
sim_20260430235653_579cf0220c,0.5,0.8,0.3,0.05,0.01,0.6,0.01,0.03,100,1,2026-04-30T23:56:53+00:00
sim_20260430235653_c917d68d4b,0.5,0.2,0.6,0.05,0.005,0.3,0.01,0.03,100,1,2026-04-30T23:56:53+00:00
sim_20260430235653_575fe8bdda,0.5,0.2,0.6,0.01,0.005,0.3,0.005,0.01,100,3,2026-04-30T23:56:53+00:00
sim_20260430235653_54d5f9f76c,1.0,0.8,0.6,0.05,0.005,0.3,0.005,0.01,100,3,2026-04-30T23:56:53+00:00
sim_20260430235653_eb0cb7848f,1.0,0.2,0.3,0.01,0.005,0.6,0.01,0.03,100,3,2026-04-30T23:56:53+00:00
sim_20260430235654_7cc8627eb4,1.0,0.2,0.6,0.01,0.005,0.6,0.01,0.03,100,1,2026-04-30T23:56:54+00:00
sim_20260430235654_9e54543280,0.5,0.8,0.3,0.01,0.01,0.6,0.01,0.01,100,2,2026-04-30T23:56:54+00:00
sim_20260430235654_ba585254b0,0.1,0.5,0.3,0.01,0.005,0.3,0.01,0.01,100,2,2026-04-30T23:56:54+00:00
sim_20260430235654_8b7576df42,0.1,0.8,0.6,0.01,0.01,0.6,0.005,0.01,100,2,2026-04-30T23:56:54+00:00
sim_20260430235654_5d794543b0,0.1,0.2,0.3,0.01,0.01,0.6,0.01,0.03,100,1,2026-04-30T23:56:54+00:00
sim_20260430235654_0574f23522,0.5,0.2,0.6,0.05,0.01,0.3,0.01,0.01,100,1,2026-04-30T23:56:54+00:00
sim_20260430235654_641a155d43,0.1,0.8,0.3,0.01,0.01,0.6,0.005,0.01,100,3,2026-04-30T23:56:54+00:00
sim_20260430235654_eec7949e2d,0.1,0.5,0.3,0.01,0.01,0.6,0.01,0.01,100,2,2026-04-30T23:56:54+00:00
sim_20260430235654_42de05a1e6,0.5,0.8,0.3,0.01,0.005,0.3,0.01,0.01,100,2,2026-04-30T23:56:54+00:00
sim_20260430235654_1cc77ef2c2,1.0,0.2,0.6,0.05,0.005,0.3,0.01,0.03,100,3,2026-04-30T23:56:54+00:00
sim_20260430235654_1d59ef714f,0.5,0.2,0.3,0.01,0.005,0.6,0.01,0.03,100,1,2026-04-30T23:56:54+00:00
sim_20260430235654_be530ba5fc,0.5,0.2,0.6,0.05,0.005,0.6,0.005,0.01,100,2,2026-04-30T23:56:54+00:00
sim_20260430235654_86e5588c13,0.1,0.2,0.6,0.01,0.01,0.6,0.005,0.03,100,3,2026-04-30T23:56:54+00:00
sim_20260430235654_8b16894d30,1.0,0.2,0.3,0.01,0.01,0.3,0.01,0.01,100,2,2026-04-30T23:56:54+00:00
sim_20260430235655_7f95b9cb60,1.0,0.5,0.3,0.05,0.01,0.3,0.01,0.03,100,1,2026-04-30T23:56:55+00:00
sim_20260430235655_4371942b3c,1.0,0.2,0.6,0.05,0.005,0.3,0.005,0.01,100,1,2026-04-30T23:56:55+00:00
sim_20260430235655_85f4a48008,1.0,0.8,0.6,0.01,0.01,0.3,0.005,0.01,100,3,2026-04-30T23:56:55+00:00
sim_20260430235655_4549b3de57,0.5,0.8,0.3,0.01,0.005,0.6,0.01,0.03,100,3,2026-04-30T23:56:55+00:00
sim_20260430235655_da7cf6a0c6,0.5,0.2,0.3,0.01,0.01,0.6,0.005,0.03,100,3,2026-04-30T23:56:55+00:00
sim_20260430235655_89e76126f0,0.5,0.5,0.3,0.05,0.005,0.3,0.01,0.03,100,1,2026-04-30T23:56:55+00:00
sim_20260430235655_70e4dd5e9b,1.0,0.2,0.3,0.01,0.005,0.3,0.01,0.01,100,2,2026-04-30T23:56:55+00:00
sim_20260430235655_bd8ca99b7e,1.0,0.5,0.6,0.01,0.01,0.3,0.005,0.03,100,2,2026-04-30T23:56:55+00:00
sim_20260430235655_b48dd0e228,0.1,0.5,0.3,0.01,0.01,0.6,0.01,0.03,100,2,2026-04-30T23:56:55+00:00
sim_20260430235655_503d39165b,1.0,0.2,0.3,0.01,0.01,0.3,0.005,0.03,100,1,2026-04-30T23:56:55+00:00
sim_20260430235655_829227bfa8,0.5,0.5,0.3,0.01,0.01,0.6,0.005,0.01,100,2,2026-04-30T23:56:55+00:00
sim_20260430235655_2ae6751947,0.5,0.2,0.3,0.01,0.005,0.6,0.01,0.01,100,3,2026-04-30T23:56:55+00:00
sim_20260430235655_0f428b9714,1.0,0.8,0.6,0.01,0.005,0.3,0.01,0.03,100,1,2026-04-30T23:56:55+00:00
sim_20260430235655_eaacd7fcf5,0.1,0.2,0.3,0.01,0.01,0.3,0.005,0.03,100,2,2026-04-30T23:56:55+00:00
sim_20260430235656_d532852455,0.1,0.2,0.3,0.01,0.005,0.3,0.005,0.03,100,3,2026-04-30T23:56:56+00:00
sim_20260430235656_67a7892cfa,1.0,0.2,0.6,0.05,0.005,0.6,0.005,0.03,100,1,2026-04-30T23:56:56+00:00
sim_20260430235656_42e40f61bc,1.0,0.2,0.6,0.05,0.01,0.6,0.01,0.01,100,2,2026-04-30T23:56:56+00:00
sim_20260430235656_e036330c5b,1.0,0.2,0.3,0.05,0.01,0.3,0.005,0.03,100,1,2026-04-30T23:56:56+00:00
sim_20260430235656_ede17f3f05,0.5,0.2,0.6,0.05,0.01,0.3,0.01,0.03,100,2,2026-04-30T23:56:56+00:00
sim_20260430235656_5d2592e1ff,1.0,0.2,0.6,0.01,0.01,0.6,0.01,0.01,100,2,2026-04-30T23:56:56+00:00
sim_20260430235656_4f8dca3a30,0.5,0.8,0.3,0.01,0.01,0.6,0.01,0.01,100,1,2026-04-30T23:56:56+00:00
sim_20260430235656_f1a7cdaf5b,0.5,0.8,0.6,0.01,0.005,0.6,0.01,0.01,100,3,2026-04-30T23:56:56+00:00
sim_20260430235656_ba912adb24,0.1,0.5,0.3,0.05,0.005,0.6,0.005,0.01,100,2,2026-04-30T23:56:56+00:00
sim_20260430235656_a9d82d5336,1.0,0.8,0.6,0.01,0.005,0.6,0.005,0.03,100,3,2026-04-30T23:56:56+00:00
sim_20260430235656_34a637e62c,0.5,0.2,0.6,0.01,0.01,0.3,0.005,0.01,100,3,2026-04-30T23:56:56+00:00
sim_20260430235656_6a0f6d65ed,0.5,0.5,0.6,0.01,0.01,0.6,0.005,0.03,100,1,2026-04-30T23:56:56+00:00
sim_20260430235656_010d27669d,0.5,0.2,0.3,0.05,0.005,0.6,0.005,0.03,100,1,2026-04-30T23:56:56+00:00
sim_20260430235656_39c98b625e,1.0,0.2,0.3,0.05,0.01,0.6,0.01,0.03,100,1,2026-04-30T23:56:56+00:00
sim_20260430235657_da0a5ffe18,0.1,0.2,0.6,0.01,0.01,0.3,0.01,0.01,100,1,2026-04-30T23:56:57+00:00
sim_20260430235657_dd11fcd8cd,1.0,0.2,0.3,0.01,0.005,0.3,0.01,0.03,100,2,2026-04-30T23:56:57+00:00
sim_20260430235657_63f0706fbd,0.1,0.5,0.6,0.05,0.005,0.3,0.01,0.01,100,1,2026-04-30T23:56:57+00:00
sim_20260430235657_46cf6c21cc,0.1,0.2,0.3,0.05,0.005,0.3,0.005,0.03,100,3,2026-04-30T23:56:57+00:00
sim_20260430235657_39f0312541,0.5,0.8,0.6,0.05,0.01,0.6,0.01,0.01,100,2,2026-04-30T23:56:57+00:00
sim_20260430235657_79d2a8c283,0.5,0.8,0.3,0.05,0.005,0.3,0.005,0.01,100,1,2026-04-30T23:56:57+00:00
sim_20260430235657_11e848b951,0.5,0.5,0.6,0.01,0.005,0.6,0.01,0.03,100,3,2026-04-30T23:56:57+00:00
sim_20260430235657_bd05c0d760,0.1,0.2,0.6,0.05,0.01,0.3,0.01,0.01,100,3,2026-04-30T23:56:57+00:00
sim_20260430235657_9c17c5cc85,0.5,0.5,0.6,0.05,0.005,0.3,0.005,0.03,100,3,2026-04-30T23:56:57+00:00
sim_20260430235657_5db5029b17,0.1,0.5,0.6,0.01,0.005,0.3,0.01,0.03,100,1,2026-04-30T23:56:57+00:00
sim_20260430235657_113bfeaf5d,0.1,0.2,0.3,0.01,0.01,0.3,0.01,0.03,100,2,2026-04-30T23:56:57+00:00
sim_20260430235657_f7295a26e1,0.5,0.8,0.3,0.05,0.005,0.3,0.01,0.03,100,2,2026-04-30T23:56:57+00:00
sim_20260430235657_6d81e9a9d4,0.5,0.5,0.6,0.01,0.01,0.6,0.01,0.01,100,3,2026-04-30T23:56:57+00:00
sim_20260430235657_16a4d3b877,0.5,0.8,0.6,0.05,0.005,0.3,0.01,0.03,100,1,2026-04-30T23:56:57+00:00
sim_20260430235658_d7f2214e9e,0.1,0.2,0.6,0.01,0.01,0.6,0.005,0.01,100,1,2026-04-30T23:56:58+00:00
sim_20260430235658_2835e3eee5,1.0,0.5,0.6,0.01,0.01,0.3,0.005,0.03,100,1,2026-04-30T23:56:58+00:00
sim_20260430235658_c2b0205019,1.0,0.5,0.6,0.05,0.01,0.3,0.01,0.01,100,3,2026-04-30T23:56:58+00:00
sim_20260430235658_88da57bcb8,1.0,0.2,0.6,0.01,0.01,0.6,0.01,0.01,100,1,2026-04-30T23:56:58+00:00
sim_20260430235658_deb4f0cc65,0.5,0.2,0.3,0.05,0.005,0.3,0.005,0.03,100,1,2026-04-30T23:56:58+00:00
sim_20260430235658_fcabd0798b,0.5,0.2,0.6,0.05,0.005,0.6,0.01,0.01,100,2,2026-04-30T23:56:58+00:00
sim_20260430235658_a41426d59f,1.0,0.5,0.3,0.01,0.005,0.3,0.005,0.03,100,2,2026-04-30T23:56:58+00:00
sim_20260430235658_8451188f69,1.0,0.2,0.6,0.05,0.01,0.6,0.01,0.03,100,3,2026-04-30T23:56:58+00:00
sim_20260430235658_71b44ec70a,0.5,0.8,0.6,0.05,0.005,0.6,0.01,0.01,100,3,2026-04-30T23:56:58+00:00
sim_20260430235658_d33aa80229,1.0,0.8,0.6,0.01,0.01,0.3,0.005,0.01,100,1,2026-04-30T23:56:58+00:00
sim_20260430235658_5dc47901bd,0.5,0.5,0.3,0.01,0.01,0.3,0.01,0.03,100,3,2026-04-30T23:56:58+00:00
sim_20260430235658_5e4ebecfa2,0.5,0.5,0.3,0.05,0.005,0.6,0.01,0.03,100,2,2026-04-30T23:56:58+00:00
sim_20260430235658_a5fed25511,1.0,0.8,0.3,0.05,0.005,0.6,0.01,0.01,100,3,2026-04-30T23:56:58+00:00
sim_20260430235658_f9893b4c8e,1.0,0.8,0.3,0.01,0.01,0.6,0.005,0.03,100,2,2026-04-30T23:56:58+00:00
sim_20260430235659_1d57d25da7,1.0,0.8,0.3,0.01,0.005,0.6,0.005,0.01,100,3,2026-04-30T23:56:59+00:00
sim_20260430235659_323eaab40c,1.0,0.2,0.3,0.01,0.005,0.3,0.01,0.03,100,3,2026-04-30T23:56:59+00:00
sim_20260430235659_9dcb809886,1.0,0.2,0.6,0.05,0.01,0.6,0.005,0.03,100,3,2026-04-30T23:56:59+00:00
sim_20260430235659_e68e9ea7f2,1.0,0.8,0.3,0.05,0.005,0.6,0.005,0.01,100,2,2026-04-30T23:56:59+00:00
sim_20260430235659_2efd1136c8,1.0,0.8,0.6,0.05,0.01,0.3,0.01,0.03,100,2,2026-04-30T23:56:59+00:00
sim_20260430235659_4f5e193d70,0.1,0.5,0.3,0.01,0.005,0.6,0.005,0.03,100,1,2026-04-30T23:56:59+00:00
sim_20260430235659_dd211ab86e,0.1,0.5,0.3,0.01,0.01,0.3,0.005,0.03,100,2,2026-04-30T23:56:59+00:00
sim_20260430235659_e7aa55db4e,0.1,0.2,0.6,0.05,0.005,0.3,0.005,0.01,100,1,2026-04-30T23:56:59+00:00
sim_20260430235659_1461206a20,0.1,0.8,0.6,0.05,0.01,0.3,0.005,0.01,100,2,2026-04-30T23:56:59+00:00
sim_20260430235659_92a06456cb,0.1,0.5,0.3,0.05,0.005,0.3,0.005,0.01,100,3,2026-04-30T23:56:59+00:00
sim_20260430235659_595ebb3043,0.5,0.5,0.3,0.01,0.005,0.6,0.01,0.03,100,1,2026-04-30T23:56:59+00:00
sim_20260430235659_8ed981b321,0.1,0.8,0.3,0.01,0.005,0.6,0.005,0.03,100,3,2026-04-30T23:56:59+00:00
sim_20260430235659_4614060b8f,1.0,0.5,0.3,0.05,0.01,0.6,0.005,0.03,100,2,2026-04-30T23:56:59+00:00
sim_20260430235659_4d23f83559,0.1,0.2,0.6,0.05,0.01,0.6,0.005,0.01,100,2,2026-04-30T23:56:59+00:00
sim_20260430235700_45328e05f2,0.5,0.8,0.6,0.05,0.005,0.3,0.005,0.03,100,2,2026-04-30T23:57:00+00:00
sim_20260430235700_933f4b0e09,1.0,0.2,0.3,0.05,0.01,0.3,0.01,0.03,100,3,2026-04-30T23:57:00+00:00
sim_20260430235700_2a62d3fb12,0.5,0.5,0.3,0.05,0.005,0.3,0.01,0.01,100,2,2026-04-30T23:57:00+00:00
sim_20260430235700_d2318bc758,0.1,0.2,0.3,0.05,0.005,0.6,0.01,0.01,100,3,2026-04-30T23:57:00+00:00
sim_20260430235700_3c5bf87d42,1.0,0.2,0.6,0.01,0.005,0.3,0.01,0.03,100,2,2026-04-30T23:57:00+00:00
sim_20260430235700_5d7c4188e1,1.0,0.8,0.3,0.01,0.005,0.3,0.01,0.03,100,1,2026-04-30T23:57:00+00:00
sim_20260430235700_e26e3f5efc,1.0,0.8,0.6,0.01,0.01,0.6,0.01,0.01,100,2,2026-04-30T23:57:00+00:00
sim_20260430235700_8052bb6a18,1.0,0.2,0.6,0.01,0.005,0.6,0.01,0.03,100,3,2026-04-30T23:57:00+00:00
sim_20260430235700_eca0593244,1.0,0.8,0.3,0.01,0.005,0.6,0.01,0.03,100,2,2026-04-30T23:57:00+00:00
sim_20260430235700_568fa6f132,0.5,0.2,0.3,0.01,0.005,0.6,0.005,0.03,100,1,2026-04-30T23:57:00+00:00
sim_20260430235700_58962ec66d,0.5,0.8,0.6,0.01,0.005,0.6,0.005,0.03,100,3,2026-04-30T23:57:00+00:00
sim_20260430235700_644221d546,0.1,0.2,0.6,0.05,0.01,0.3,0.005,0.03,100,2,2026-04-30T23:57:00+00:00
sim_20260430235701_74733ac677,1.0,0.2,0.3,0.05,0.01,0.3,0.01,0.03,100,2,2026-04-30T23:57:01+00:00
sim_20260430235701_486846948a,1.0,0.2,0.3,0.05,0.005,0.6,0.01,0.03,100,3,2026-04-30T23:57:01+00:00
sim_20260430235701_56cae1b49c,0.1,0.5,0.6,0.05,0.01,0.3,0.01,0.03,100,3,2026-04-30T23:57:01+00:00
sim_20260430235701_917450050f,1.0,0.2,0.3,0.01,0.005,0.3,0.005,0.03,100,1,2026-04-30T23:57:01+00:00
sim_20260430235701_520e0dde69,0.5,0.5,0.6,0.01,0.005,0.3,0.005,0.03,100,2,2026-04-30T23:57:01+00:00
sim_20260430235701_f0f806b7d9,0.5,0.2,0.6,0.05,0.005,0.6,0.005,0.01,100,3,2026-04-30T23:57:01+00:00
sim_20260430235701_c7733584de,0.1,0.2,0.3,0.01,0.01,0.3,0.005,0.03,100,1,2026-04-30T23:57:01+00:00
sim_20260430235701_408e2e3ae6,0.5,0.5,0.3,0.01,0.01,0.3,0.01,0.01,100,3,2026-04-30T23:57:01+00:00
sim_20260430235701_d70beccb8c,0.5,0.8,0.3,0.01,0.01,0.6,0.005,0.01,100,3,2026-04-30T23:57:01+00:00
sim_20260430235701_67583b8d4e,1.0,0.5,0.6,0.05,0.005,0.6,0.005,0.01,100,3,2026-04-30T23:57:01+00:00
sim_20260430235701_a85ab0ae54,1.0,0.2,0.6,0.01,0.005,0.6,0.005,0.03,100,3,2026-04-30T23:57:01+00:00
sim_20260430235701_a5cbd94307,0.5,0.8,0.3,0.05,0.005,0.3,0.01,0.01,100,3,2026-04-30T23:57:01+00:00
sim_20260430235701_cfa4084054,0.1,0.5,0.3,0.05,0.01,0.6,0.005,0.03,100,3,2026-04-30T23:57:01+00:00
sim_20260430235702_67e9d430ba,0.5,0.8,0.6,0.05,0.01,0.3,0.005,0.01,100,1,2026-04-30T23:57:02+00:00
sim_20260430235702_677e09b39c,0.1,0.5,0.6,0.05,0.01,0.6,0.01,0.01,100,1,2026-04-30T23:57:02+00:00
sim_20260430235702_ae7fbad050,0.1,0.5,0.6,0.05,0.01,0.3,0.01,0.01,100,3,2026-04-30T23:57:02+00:00
sim_20260430235702_16f19cf8e0,0.1,0.8,0.6,0.05,0.01,0.6,0.01,0.03,100,1,2026-04-30T23:57:02+00:00
sim_20260430235702_712a15e11c,1.0,0.5,0.3,0.01,0.005,0.6,0.005,0.01,100,3,2026-04-30T23:57:02+00:00
sim_20260430235702_cf8eb2c74d,0.5,0.5,0.6,0.01,0.01,0.6,0.01,0.03,100,1,2026-04-30T23:57:02+00:00
sim_20260430235702_50d96b3308,0.5,0.8,0.3,0.01,0.01,0.3,0.005,0.03,100,1,2026-04-30T23:57:02+00:00
sim_20260430235702_e31feb2fd2,1.0,0.5,0.3,0.05,0.005,0.6,0.01,0.03,100,3,2026-04-30T23:57:02+00:00
sim_20260430235702_ad8ba760c2,0.5,0.8,0.3,0.01,0.005,0.3,0.01,0.01,100,1,2026-04-30T23:57:02+00:00
sim_20260430235702_21d72d008c,0.1,0.5,0.3,0.01,0.005,0.6,0.01,0.03,100,1,2026-04-30T23:57:02+00:00
sim_20260430235702_25a63517da,0.5,0.2,0.6,0.01,0.005,0.3,0.005,0.01,100,2,2026-04-30T23:57:02+00:00
sim_20260430235702_1616504783,0.5,0.5,0.3,0.05,0.005,0.6,0.005,0.01,100,2,2026-04-30T23:57:02+00:00
sim_20260430235703_e4e289c167,1.0,0.5,0.3,0.01,0.005,0.3,0.005,0.03,100,1,2026-04-30T23:57:03+00:00
sim_20260430235703_a6a30f202a,1.0,0.5,0.6,0.01,0.01,0.3,0.01,0.03,100,3,2026-04-30T23:57:03+00:00
sim_20260430235703_b11c8bd389,0.5,0.2,0.3,0.01,0.005,0.3,0.01,0.03,100,2,2026-04-30T23:57:03+00:00
sim_20260430235703_0d696e6048,0.1,0.5,0.3,0.01,0.005,0.3,0.005,0.01,100,3,2026-04-30T23:57:03+00:00
sim_20260430235703_1e7cb036ac,0.5,0.2,0.6,0.01,0.005,0.6,0.005,0.01,100,2,2026-04-30T23:57:03+00:00
sim_20260430235703_b5fe58ba1b,1.0,0.2,0.6,0.05,0.01,0.6,0.005,0.03,100,2,2026-04-30T23:57:03+00:00
sim_20260430235703_6488b1e684,0.5,0.2,0.6,0.01,0.005,0.6,0.01,0.03,100,3,2026-04-30T23:57:03+00:00
sim_20260430235703_712cd18138,1.0,0.2,0.3,0.05,0.01,0.3,0.01,0.03,100,1,2026-04-30T23:57:03+00:00
sim_20260430235703_7eb6cc1f62,0.1,0.5,0.6,0.05,0.005,0.6,0.01,0.03,100,1,2026-04-30T23:57:03+00:00
sim_20260430235703_86800f628d,1.0,0.2,0.3,0.05,0.005,0.6,0.01,0.01,100,2,2026-04-30T23:57:03+00:00
sim_20260430235703_e5aa605eb1,0.1,0.8,0.6,0.05,0.01,0.6,0.01,0.03,100,3,2026-04-30T23:57:03+00:00
sim_20260430235703_f48dea803f,0.1,0.8,0.3,0.01,0.005,0.3,0.005,0.01,100,2,2026-04-30T23:57:03+00:00
sim_20260430235704_badc4a9d33,0.5,0.8,0.3,0.01,0.005,0.3,0.005,0.01,100,1,2026-04-30T23:57:04+00:00
sim_20260430235704_e7a97a9c9b,1.0,0.5,0.6,0.01,0.005,0.6,0.005,0.01,100,1,2026-04-30T23:57:04+00:00
sim_20260430235704_bc4e975cc1,1.0,0.8,0.6,0.01,0.005,0.6,0.005,0.03,100,1,2026-04-30T23:57:04+00:00
sim_20260430235704_54cbdf3633,1.0,0.8,0.6,0.01,0.005,0.3,0.01,0.01,100,2,2026-04-30T23:57:04+00:00
sim_20260430235704_7c65d9aa98,0.1,0.5,0.6,0.05,0.01,0.3,0.005,0.03,100,2,2026-04-30T23:57:04+00:00
sim_20260430235704_7bc444adce,0.5,0.5,0.3,0.01,0.005,0.6,0.01,0.01,100,2,2026-04-30T23:57:04+00:00
sim_20260430235704_8fe9203677,0.5,0.8,0.3,0.05,0.01,0.6,0.01,0.03,100,2,2026-04-30T23:57:04+00:00
sim_20260430235704_e4047b025b,1.0,0.5,0.6,0.05,0.01,0.3,0.005,0.01,100,2,2026-04-30T23:57:04+00:00
sim_20260430235704_b273b60432,0.5,0.8,0.3,0.05,0.01,0.6,0.005,0.01,100,2,2026-04-30T23:57:04+00:00
sim_20260430235704_ad83ee4c55,0.5,0.2,0.3,0.05,0.005,0.6,0.005,0.01,100,1,2026-04-30T23:57:04+00:00
sim_20260430235704_96122d4464,1.0,0.8,0.3,0.05,0.01,0.3,0.005,0.03,100,1,2026-04-30T23:57:04+00:00
sim_20260430235704_f018813bda,1.0,0.5,0.3,0.05,0.005,0.6,0.005,0.03,100,1,2026-04-30T23:57:04+00:00
sim_20260430235704_3e5ca8f055,1.0,0.8,0.3,0.05,0.01,0.6,0.005,0.03,100,1,2026-04-30T23:57:04+00:00
sim_20260430235704_6b6890bba7,0.1,0.2,0.6,0.01,0.005,0.6,0.005,0.01,100,2,2026-04-30T23:57:04+00:00
sim_20260430235705_cd2a0b497c,0.1,0.8,0.6,0.01,0.01,0.6,0.01,0.03,100,3,2026-04-30T23:57:05+00:00
sim_20260430235705_5677817ea4,0.1,0.2,0.3,0.01,0.01,0.3,0.005,0.01,100,1,2026-04-30T23:57:05+00:00
sim_20260430235705_3074315043,1.0,0.2,0.3,0.01,0.005,0.6,0.01,0.01,100,1,2026-04-30T23:57:05+00:00
sim_20260430235705_6a5ad84205,0.1,0.8,0.3,0.05,0.01,0.3,0.01,0.01,100,2,2026-04-30T23:57:05+00:00
sim_20260430235705_8c57c02f2c,0.1,0.8,0.3,0.01,0.01,0.6,0.01,0.01,100,3,2026-04-30T23:57:05+00:00
sim_20260430235705_b023836b5d,0.5,0.5,0.3,0.01,0.01,0.6,0.005,0.03,100,3,2026-04-30T23:57:05+00:00
sim_20260430235705_222c34691c,0.1,0.5,0.3,0.01,0.005,0.6,0.01,0.01,100,2,2026-04-30T23:57:05+00:00
sim_20260430235705_586eddb6e1,0.1,0.2,0.3,0.05,0.01,0.6,0.005,0.01,100,3,2026-04-30T23:57:05+00:00
sim_20260430235705_ca0d50e632,0.5,0.8,0.6,0.05,0.005,0.6,0.01,0.03,100,2,2026-04-30T23:57:05+00:00
sim_20260430235705_61cee947cc,0.5,0.2,0.6,0.05,0.005,0.3,0.01,0.01,100,1,2026-04-30T23:57:05+00:00
sim_20260430235705_b07345aa47,0.1,0.8,0.6,0.05,0.01,0.3,0.01,0.03,100,1,2026-04-30T23:57:05+00:00
sim_20260430235705_f8086054c0,0.5,0.2,0.3,0.05,0.005,0.3,0.005,0.03,100,2,2026-04-30T23:57:05+00:00
sim_20260430235705_1fba0af342,0.5,0.5,0.6,0.05,0.005,0.3,0.01,0.03,100,3,2026-04-30T23:57:05+00:00
sim_20260430235705_68884a696e,1.0,0.8,0.6,0.05,0.005,0.6,0.005,0.03,100,3,2026-04-30T23:57:05+00:00
sim_20260430235706_ee59e1ae5d,0.5,0.2,0.3,0.05,0.01,0.6,0.005,0.01,100,1,2026-04-30T23:57:06+00:00
sim_20260430235706_30a5575975,0.5,0.5,0.3,0.05,0.01,0.3,0.01,0.01,100,2,2026-04-30T23:57:06+00:00
sim_20260430235706_e84448bcac,0.1,0.8,0.6,0.01,0.005,0.6,0.01,0.01,100,1,2026-04-30T23:57:06+00:00
sim_20260430235706_23fd7b34ba,1.0,0.8,0.3,0.01,0.01,0.6,0.005,0.03,100,1,2026-04-30T23:57:06+00:00
sim_20260430235706_ac7d6a948b,0.1,0.2,0.6,0.05,0.005,0.6,0.01,0.03,100,2,2026-04-30T23:57:06+00:00
sim_20260430235706_2735c9596e,0.5,0.5,0.6,0.01,0.005,0.6,0.01,0.03,100,2,2026-04-30T23:57:06+00:00
sim_20260430235706_d0b5dacbdf,0.1,0.5,0.3,0.05,0.01,0.3,0.005,0.01,100,2,2026-04-30T23:57:06+00:00
sim_20260430235706_16db2db935,1.0,0.2,0.6,0.05,0.005,0.6,0.01,0.01,100,1,2026-04-30T23:57:06+00:00
sim_20260430235706_9c21bd4639,0.1,0.8,0.6,0.05,0.005,0.3,0.005,0.01,100,1,2026-04-30T23:57:06+00:00
sim_20260430235706_d4a4fd54a0,1.0,0.8,0.6,0.05,0.005,0.6,0.01,0.01,100,1,2026-04-30T23:57:06+00:00
sim_20260501000416_c66943de06,1.0,0.5,0.3,0.05,0.005,0.6,0.005,0.01,100,2,2026-05-01T00:04:16+00:00
sim_20260501000416_8eaab52c5f,0.1,0.8,0.6,0.01,0.005,0.3,0.01,0.03,100,1,2026-05-01T00:04:16+00:00
sim_20260501000416_d5a7091166,0.1,0.5,0.6,0.01,0.01,0.6,0.005,0.03,100,3,2026-05-01T00:04:16+00:00
sim_20260501000416_a5481eec90,1.0,0.5,0.6,0.01,0.005,0.6,0.005,0.03,100,2,2026-05-01T00:04:16+00:00
sim_20260501000416_874c95486f,1.0,0.8,0.6,0.01,0.01,0.3,0.005,0.03,100,1,2026-05-01T00:04:16+00:00
sim_20260501000416_58a467fe8b,1.0,0.5,0.6,0.05,0.01,0.3,0.005,0.01,100,3,2026-05-01T00:04:16+00:00
sim_20260501000416_9b7175d9ed,0.1,0.5,0.3,0.01,0.005,0.6,0.01,0.01,100,3,2026-05-01T00:04:16+00:00
sim_20260501000416_0e28dbed8d,1.0,0.8,0.3,0.01,0.005,0.6,0.005,0.03,100,1,2026-05-01T00:04:16+00:00
sim_20260501000416_f05bec4ac6,1.0,0.5,0.6,0.01,0.01,0.3,0.005,0.01,100,1,2026-05-01T00:04:16+00:00
sim_20260501000417_a5ff4db21d,1.0,0.8,0.3,0.05,0.005,0.3,0.01,0.03,100,3,2026-05-01T00:04:17+00:00
sim_20260501000417_b94e060dd8,1.0,0.8,0.6,0.05,0.005,0.3,0.01,0.01,100,2,2026-05-01T00:04:17+00:00
sim_20260501000417_065dcf2a1b,0.5,0.5,0.6,0.01,0.005,0.6,0.01,0.01,100,3,2026-05-01T00:04:17+00:00
sim_20260501000417_f46fc2e8ba,1.0,0.5,0.3,0.01,0.01,0.3,0.01,0.03,100,1,2026-05-01T00:04:17+00:00
sim_20260501000417_d248dbd0b8,0.1,0.2,0.3,0.05,0.01,0.6,0.01,0.03,100,3,2026-05-01T00:04:17+00:00
sim_20260501000417_60a6d62c48,0.5,0.5,0.3,0.01,0.01,0.6,0.01,0.03,100,2,2026-05-01T00:04:17+00:00
sim_20260501000417_0e4f68a01a,0.5,0.8,0.6,0.05,0.005,0.6,0.005,0.01,100,2,2026-05-01T00:04:17+00:00
sim_20260501000417_572da2976a,0.1,0.2,0.3,0.01,0.005,0.3,0.01,0.03,100,2,2026-05-01T00:04:17+00:00
sim_20260501000417_d2cb2484a3,1.0,0.8,0.6,0.05,0.01,0.3,0.005,0.01,100,3,2026-05-01T00:04:17+00:00
sim_20260501000417_349dbff1cd,0.5,0.5,0.3,0.01,0.01,0.6,0.005,0.01,100,1,2026-05-01T00:04:17+00:00
sim_20260501000417_1858136f86,0.5,0.2,0.6,0.01,0.005,0.6,0.005,0.03,100,2,2026-05-01T00:04:17+00:00
sim_20260501000417_cfb1635ea3,1.0,0.8,0.6,0.05,0.01,0.6,0.005,0.03,100,1,2026-05-01T00:04:17+00:00
sim_20260501000417_5a155bedd9,0.1,0.2,0.3,0.05,0.005,0.6,0.01,0.03,100,1,2026-05-01T00:04:17+00:00
sim_20260501000418_65c30485e7,0.5,0.8,0.3,0.05,0.01,0.6,0.005,0.03,100,3,2026-05-01T00:04:18+00:00
sim_20260501000418_6d2cfef4e2,1.0,0.2,0.3,0.05,0.01,0.3,0.005,0.01,100,3,2026-05-01T00:04:18+00:00
sim_20260501000418_a81e4e885e,1.0,0.5,0.6,0.01,0.01,0.6,0.01,0.01,100,1,2026-05-01T00:04:18+00:00
sim_20260501000418_ac22dc07f3,0.1,0.8,0.6,0.01,0.01,0.3,0.01,0.03,100,2,2026-05-01T00:04:18+00:00
sim_20260501000418_2fae674b39,1.0,0.5,0.3,0.05,0.005,0.3,0.01,0.03,100,1,2026-05-01T00:04:18+00:00
sim_20260501000418_c18479b4f0,0.1,0.5,0.3,0.01,0.01,0.6,0.01,0.01,100,1,2026-05-01T00:04:18+00:00
sim_20260501000418_a838915b32,0.1,0.2,0.6,0.01,0.005,0.6,0.01,0.01,100,1,2026-05-01T00:04:18+00:00
sim_20260501000418_59cd5618cc,0.1,0.2,0.3,0.05,0.005,0.6,0.005,0.01,100,2,2026-05-01T00:04:18+00:00
sim_20260501000418_24d86df009,0.5,0.5,0.3,0.01,0.01,0.3,0.005,0.01,100,2,2026-05-01T00:04:18+00:00
sim_20260501000418_b60d6750f3,0.5,0.2,0.6,0.01,0.01,0.6,0.005,0.03,100,1,2026-05-01T00:04:18+00:00
sim_20260501000418_5388dd096e,0.5,0.2,0.6,0.05,0.01,0.3,0.005,0.01,100,3,2026-05-01T00:04:18+00:00
sim_20260501000418_fa7b5e1e23,1.0,0.2,0.6,0.05,0.01,0.6,0.01,0.03,100,2,2026-05-01T00:04:18+00:00
sim_20260501000418_9cfcf32d4e,0.5,0.2,0.3,0.05,0.01,0.3,0.01,0.01,100,3,2026-05-01T00:04:18+00:00
sim_20260501000418_e7f84d8608,1.0,0.8,0.3,0.01,0.01,0.3,0.005,0.01,100,2,2026-05-01T00:04:18+00:00
sim_20260501000419_f5cafff08f,1.0,0.8,0.6,0.01,0.005,0.3,0.005,0.01,100,3,2026-05-01T00:04:19+00:00
sim_20260501000419_c1c016c33e,0.1,0.5,0.3,0.05,0.005,0.3,0.01,0.01,100,2,2026-05-01T00:04:19+00:00
sim_20260501000419_f6bf3b39ec,0.5,0.8,0.6,0.01,0.005,0.6,0.01,0.03,100,2,2026-05-01T00:04:19+00:00
sim_20260501000419_1e126649e4,0.1,0.5,0.3,0.05,0.005,0.3,0.005,0.01,100,1,2026-05-01T00:04:19+00:00
sim_20260501000419_a0d237fdf8,0.1,0.5,0.6,0.05,0.01,0.6,0.005,0.01,100,1,2026-05-01T00:04:19+00:00
sim_20260501000419_da0b0ef3c5,0.5,0.5,0.3,0.05,0.01,0.6,0.01,0.03,100,1,2026-05-01T00:04:19+00:00
sim_20260501000419_2bde4732f0,0.1,0.8,0.6,0.05,0.005,0.3,0.005,0.03,100,3,2026-05-01T00:04:19+00:00
sim_20260501000419_ea8a7f56cf,1.0,0.5,0.3,0.01,0.01,0.3,0.005,0.01,100,1,2026-05-01T00:04:19+00:00
sim_20260501000419_9ff37dc6e5,1.0,0.8,0.3,0.01,0.01,0.6,0.01,0.03,100,3,2026-05-01T00:04:19+00:00
sim_20260501000419_f8243605b1,0.5,0.2,0.6,0.01,0.01,0.3,0.005,0.01,100,2,2026-05-01T00:04:19+00:00
sim_20260501000419_dbc98c647c,0.1,0.2,0.3,0.05,0.005,0.6,0.005,0.03,100,3,2026-05-01T00:04:19+00:00
sim_20260501000420_287368ba10,0.5,0.5,0.3,0.05,0.01,0.3,0.005,0.01,100,2,2026-05-01T00:04:20+00:00
sim_20260501000420_9f539f860c,0.5,0.8,0.3,0.05,0.01,0.3,0.01,0.01,100,1,2026-05-01T00:04:20+00:00
sim_20260501000420_ad1faf64f3,0.5,0.2,0.6,0.05,0.01,0.6,0.01,0.03,100,2,2026-05-01T00:04:20+00:00
sim_20260501000420_c5d123852c,0.5,0.8,0.3,0.01,0.01,0.6,0.01,0.03,100,1,2026-05-01T00:04:20+00:00
sim_20260501000420_375bb52a7b,0.5,0.8,0.3,0.05,0.005,0.3,0.005,0.03,100,3,2026-05-01T00:04:20+00:00
sim_20260501000420_257a8ebd13,0.5,0.5,0.3,0.05,0.005,0.6,0.01,0.01,100,3,2026-05-01T00:04:20+00:00
sim_20260501000420_5ad257fb8c,1.0,0.5,0.6,0.05,0.01,0.6,0.005,0.01,100,2,2026-05-01T00:04:20+00:00
sim_20260501000420_33fc265c2c,0.1,0.5,0.6,0.05,0.005,0.6,0.005,0.01,100,1,2026-05-01T00:04:20+00:00
sim_20260501000420_fbd8e90aac,0.1,0.5,0.3,0.05,0.01,0.6,0.01,0.01,100,3,2026-05-01T00:04:20+00:00
sim_20260501000420_fe16ce6e15,0.5,0.2,0.6,0.05,0.01,0.6,0.005,0.03,100,3,2026-05-01T00:04:20+00:00
sim_20260501000420_ba2a41897a,0.5,0.8,0.6,0.05,0.005,0.3,0.01,0.03,100,2,2026-05-01T00:04:20+00:00
sim_20260501000420_f224757550,0.1,0.8,0.3,0.01,0.005,0.6,0.01,0.01,100,1,2026-05-01T00:04:20+00:00
sim_20260501000421_76822b46dc,0.5,0.8,0.3,0.01,0.005,0.3,0.005,0.03,100,2,2026-05-01T00:04:21+00:00
sim_20260501000421_ef7f57d3fa,0.1,0.8,0.3,0.01,0.01,0.6,0.01,0.03,100,1,2026-05-01T00:04:21+00:00
sim_20260501000421_4626fd2602,1.0,0.2,0.6,0.01,0.01,0.6,0.01,0.03,100,3,2026-05-01T00:04:21+00:00
sim_20260501000421_e5b63c00b9,0.5,0.8,0.6,0.05,0.01,0.6,0.01,0.03,100,2,2026-05-01T00:04:21+00:00
sim_20260501000421_f55be4e23a,1.0,0.5,0.6,0.01,0.01,0.3,0.01,0.03,100,1,2026-05-01T00:04:21+00:00
sim_20260501000421_a77d5da866,0.5,0.8,0.6,0.01,0.005,0.6,0.005,0.01,100,3,2026-05-01T00:04:21+00:00
sim_20260501000421_afcfe6991c,0.1,0.5,0.3,0.01,0.005,0.3,0.005,0.03,100,3,2026-05-01T00:04:21+00:00
sim_20260501000421_55993c2132,0.5,0.8,0.3,0.01,0.01,0.3,0.005,0.01,100,1,2026-05-01T00:04:21+00:00
sim_20260501000421_adf6dae4ff,1.0,0.8,0.6,0.05,0.01,0.6,0.01,0.03,100,2,2026-05-01T00:04:21+00:00
sim_20260501000421_2a51e6a28a,0.5,0.2,0.3,0.05,0.01,0.6,0.005,0.03,100,2,2026-05-01T00:04:21+00:00
sim_20260501000421_b350dca3b6,0.1,0.8,0.6,0.01,0.005,0.6,0.01,0.03,100,1,2026-05-01T00:04:21+00:00
sim_20260501000421_692c65a33b,0.1,0.5,0.3,0.05,0.005,0.3,0.01,0.03,100,1,2026-05-01T00:04:21+00:00
sim_20260501000422_925f71780d,0.5,0.2,0.3,0.05,0.005,0.3,0.01,0.01,100,2,2026-05-01T00:04:22+00:00
sim_20260501000422_2a04580de2,0.1,0.2,0.6,0.01,0.01,0.6,0.005,0.01,100,3,2026-05-01T00:04:22+00:00
sim_20260501000422_c25f2e0ab7,1.0,0.5,0.3,0.05,0.005,0.3,0.01,0.01,100,3,2026-05-01T00:04:22+00:00
sim_20260501000422_409b2e9f42,1.0,0.5,0.6,0.05,0.01,0.6,0.01,0.03,100,3,2026-05-01T00:04:22+00:00
sim_20260501000422_a830d182ad,0.1,0.8,0.6,0.05,0.01,0.6,0.005,0.01,100,2,2026-05-01T00:04:22+00:00
sim_20260501000422_33e80f1309,1.0,0.5,0.3,0.05,0.005,0.6,0.005,0.03,100,2,2026-05-01T00:04:22+00:00
sim_20260501000422_25c7e8ab13,1.0,0.5,0.3,0.01,0.005,0.3,0.005,0.01,100,2,2026-05-01T00:04:22+00:00
sim_20260501000422_984aa69ca1,1.0,0.2,0.3,0.05,0.01,0.6,0.01,0.03,100,3,2026-05-01T00:04:22+00:00
sim_20260501000422_5e99bddb86,1.0,0.5,0.3,0.05,0.005,0.3,0.005,0.01,100,1,2026-05-01T00:04:22+00:00
sim_20260501000422_1fc4da1b59,0.1,0.2,0.3,0.05,0.01,0.6,0.005,0.03,100,2,2026-05-01T00:04:22+00:00
sim_20260501000422_f1cc70bea8,0.5,0.2,0.3,0.01,0.005,0.3,0.005,0.01,100,3,2026-05-01T00:04:22+00:00
sim_20260501000422_6fa1333337,1.0,0.2,0.3,0.05,0.01,0.3,0.005,0.03,100,2,2026-05-01T00:04:22+00:00
sim_20260501000422_d1b00828e7,0.5,0.8,0.3,0.01,0.005,0.6,0.005,0.01,100,2,2026-05-01T00:04:22+00:00
sim_20260501000422_13bdcafaa3,1.0,0.8,0.3,0.01,0.01,0.3,0.01,0.03,100,2,2026-05-01T00:04:22+00:00
sim_20260501000423_15ce947409,0.1,0.5,0.3,0.05,0.005,0.6,0.005,0.01,100,3,2026-05-01T00:04:23+00:00
sim_20260501000423_0c4d43b1dc,0.5,0.5,0.3,0.05,0.01,0.6,0.01,0.03,100,2,2026-05-01T00:04:23+00:00
sim_20260501000423_9733c94a4b,0.5,0.5,0.6,0.01,0.01,0.6,0.005,0.03,100,3,2026-05-01T00:04:23+00:00
sim_20260501000423_63cb67be14,0.5,0.2,0.3,0.01,0.01,0.3,0.01,0.01,100,1,2026-05-01T00:04:23+00:00
sim_20260501000423_0719e78fbe,1.0,0.5,0.3,0.01,0.01,0.6,0.005,0.01,100,2,2026-05-01T00:04:23+00:00
sim_20260501000423_253509c2fb,1.0,0.5,0.3,0.01,0.005,0.6,0.005,0.03,100,2,2026-05-01T00:04:23+00:00
sim_20260501000423_5d50eda390,1.0,0.8,0.3,0.01,0.005,0.3,0.005,0.01,100,3,2026-05-01T00:04:23+00:00
sim_20260501000423_731b8f8036,0.1,0.8,0.6,0.01,0.005,0.3,0.005,0.03,100,2,2026-05-01T00:04:23+00:00
sim_20260501000423_8bd3eabebc,1.0,0.8,0.3,0.05,0.005,0.6,0.01,0.01,100,1,2026-05-01T00:04:23+00:00
sim_20260501000423_7501c37578,1.0,0.5,0.6,0.05,0.005,0.3,0.005,0.03,100,2,2026-05-01T00:04:23+00:00
sim_20260501000423_ff461e4b3b,0.1,0.2,0.6,0.05,0.01,0.3,0.005,0.01,100,2,2026-05-01T00:04:23+00:00
sim_20260501000423_b6974cbc94,1.0,0.5,0.6,0.01,0.01,0.6,0.01,0.01,100,2,2026-05-01T00:04:23+00:00
sim_20260501000423_cbf5571ebe,0.5,0.2,0.6,0.01,0.01,0.6,0.005,0.01,100,2,2026-05-01T00:04:23+00:00
sim_20260501000424_f6e6e1da46,1.0,0.5,0.3,0.01,0.01,0.6,0.01,0.03,100,2,2026-05-01T00:04:24+00:00
sim_20260501000424_c387b23451,0.5,0.5,0.3,0.05,0.01,0.3,0.005,0.03,100,3,2026-05-01T00:04:24+00:00
sim_20260501000424_1b9b03e78d,0.5,0.5,0.3,0.05,0.01,0.6,0.01,0.01,100,3,2026-05-01T00:04:24+00:00
sim_20260501000424_3499fb527e,1.0,0.2,0.3,0.01,0.01,0.6,0.01,0.03,100,2,2026-05-01T00:04:24+00:00
sim_20260501000424_7f2e5ad638,1.0,0.8,0.3,0.05,0.01,0.6,0.005,0.03,100,3,2026-05-01T00:04:24+00:00
sim_20260501000424_7c53098f9d,0.5,0.2,0.6,0.05,0.01,0.3,0.005,0.01,100,2,2026-05-01T00:04:24+00:00
sim_20260501000424_11952983c5,1.0,0.2,0.6,0.01,0.01,0.3,0.005,0.03,100,1,2026-05-01T00:04:24+00:00
sim_20260501000424_ef1df324ca,0.5,0.5,0.6,0.05,0.005,0.3,0.01,0.01,100,1,2026-05-01T00:04:24+00:00
sim_20260501000424_602da3ea53,0.5,0.8,0.3,0.05,0.01,0.3,0.005,0.03,100,2,2026-05-01T00:04:24+00:00
sim_20260501000424_74790cba50,0.5,0.2,0.3,0.01,0.005,0.6,0.01,0.03,100,2,2026-05-01T00:04:24+00:00
sim_20260501000424_099207a8e7,0.1,0.8,0.3,0.01,0.01,0.3,0.01,0.01,100,3,2026-05-01T00:04:24+00:00
sim_20260501000424_b8819e2bc7,1.0,0.2,0.3,0.05,0.01,0.6,0.005,0.03,100,3,2026-05-01T00:04:24+00:00
sim_20260501000424_6ad03c5565,0.1,0.8,0.6,0.05,0.005,0.6,0.01,0.03,100,1,2026-05-01T00:04:24+00:00
sim_20260501000424_63c50314ad,0.1,0.2,0.6,0.05,0.005,0.6,0.005,0.01,100,3,2026-05-01T00:04:24+00:00
sim_20260501000425_0f2658e81f,1.0,0.2,0.3,0.01,0.01,0.3,0.01,0.01,100,3,2026-05-01T00:04:25+00:00
sim_20260501000425_db4a5f64b9,0.5,0.5,0.3,0.05,0.005,0.6,0.01,0.01,100,1,2026-05-01T00:04:25+00:00
sim_20260501000425_b6ee244152,0.5,0.5,0.6,0.05,0.01,0.6,0.01,0.01,100,3,2026-05-01T00:04:25+00:00
sim_20260501000425_0f36fc7d5d,0.5,0.8,0.6,0.05,0.005,0.3,0.005,0.01,100,3,2026-05-01T00:04:25+00:00
sim_20260501000425_d521f2e0f4,1.0,0.2,0.3,0.01,0.005,0.3,0.005,0.01,100,1,2026-05-01T00:04:25+00:00
sim_20260501000425_8fc4b9ef72,0.5,0.5,0.3,0.01,0.005,0.6,0.01,0.01,100,3,2026-05-01T00:04:25+00:00
sim_20260501000425_2dc2d2de21,1.0,0.8,0.6,0.05,0.005,0.3,0.01,0.01,100,1,2026-05-01T00:04:25+00:00
sim_20260501000425_719b927071,0.1,0.5,0.3,0.01,0.01,0.6,0.005,0.03,100,3,2026-05-01T00:04:25+00:00
sim_20260501000425_89b2f85cb6,0.1,0.2,0.6,0.01,0.01,0.6,0.01,0.03,100,2,2026-05-01T00:04:25+00:00
sim_20260501000425_1f50fc5f75,0.5,0.8,0.3,0.01,0.005,0.3,0.005,0.01,100,3,2026-05-01T00:04:25+00:00
sim_20260501000425_7654fed4c2,1.0,0.2,0.3,0.01,0.005,0.3,0.01,0.03,100,1,2026-05-01T00:04:25+00:00
sim_20260501000425_0542bd86dd,0.1,0.2,0.3,0.01,0.01,0.3,0.01,0.01,100,2,2026-05-01T00:04:25+00:00
sim_20260501000425_f3c0afc7c4,0.1,0.8,0.6,0.01,0.01,0.3,0.01,0.03,100,1,2026-05-01T00:04:25+00:00
sim_20260501000426_e3caa63995,0.5,0.2,0.6,0.01,0.005,0.3,0.01,0.03,100,1,2026-05-01T00:04:26+00:00
sim_20260501000426_40d68609df,0.1,0.5,0.3,0.05,0.01,0.6,0.005,0.01,100,2,2026-05-01T00:04:26+00:00
sim_20260501000426_d27cfa17ae,1.0,0.8,0.3,0.01,0.01,0.6,0.01,0.01,100,3,2026-05-01T00:04:26+00:00
sim_20260501000426_610f154635,1.0,0.2,0.6,0.01,0.005,0.3,0.01,0.01,100,2,2026-05-01T00:04:26+00:00
sim_20260501000426_44264355a4,0.5,0.5,0.3,0.05,0.005,0.3,0.005,0.01,100,2,2026-05-01T00:04:26+00:00
sim_20260501000426_86b7aa5b00,1.0,0.5,0.6,0.05,0.01,0.3,0.01,0.03,100,3,2026-05-01T00:04:26+00:00
sim_20260501000426_e1d3690cb3,1.0,0.2,0.6,0.01,0.01,0.3,0.01,0.01,100,2,2026-05-01T00:04:26+00:00
sim_20260501000426_685f5bab8e,0.1,0.2,0.3,0.01,0.01,0.6,0.01,0.03,100,2,2026-05-01T00:04:26+00:00
sim_20260501000426_cd61d20caf,0.1,0.8,0.3,0.05,0.005,0.3,0.01,0.03,100,2,2026-05-01T00:04:26+00:00
sim_20260501000426_0330aa63ad,0.1,0.2,0.6,0.05,0.005,0.6,0.01,0.01,100,1,2026-05-01T00:04:26+00:00
sim_20260501000426_03ff8274e9,0.5,0.5,0.3,0.05,0.01,0.3,0.005,0.01,100,1,2026-05-01T00:04:26+00:00
sim_20260501000427_2d9a2813bf,0.5,0.5,0.6,0.05,0.005,0.3,0.01,0.01,100,3,2026-05-01T00:04:27+00:00
sim_20260501000427_c429334728,0.1,0.8,0.3,0.05,0.005,0.3,0.005,0.01,100,1,2026-05-01T00:04:27+00:00
sim_20260501000427_8799c0e02f,1.0,0.5,0.3,0.05,0.005,0.6,0.005,0.03,100,3,2026-05-01T00:04:27+00:00
sim_20260501000427_dbd259e70b,0.5,0.8,0.3,0.01,0.01,0.6,0.01,0.03,100,2,2026-05-01T00:04:27+00:00
sim_20260501000427_d525359235,0.1,0.2,0.6,0.01,0.005,0.3,0.01,0.03,100,2,2026-05-01T00:04:27+00:00
sim_20260501000427_863f45cb58,1.0,0.8,0.6,0.01,0.005,0.6,0.005,0.01,100,2,2026-05-01T00:04:27+00:00
sim_20260501000427_c88f62f3dd,0.1,0.5,0.3,0.05,0.01,0.3,0.01,0.03,100,1,2026-05-01T00:04:27+00:00
sim_20260501000427_40ea41cb11,0.5,0.5,0.6,0.05,0.005,0.6,0.005,0.01,100,1,2026-05-01T00:04:27+00:00
sim_20260501000427_9afe8daa30,0.5,0.2,0.6,0.01,0.01,0.3,0.005,0.03,100,1,2026-05-01T00:04:27+00:00
sim_20260501000427_91b7cdf2f7,1.0,0.5,0.6,0.01,0.005,0.6,0.01,0.01,100,3,2026-05-01T00:04:27+00:00
sim_20260501000427_fb8a84a4ff,0.5,0.5,0.3,0.01,0.005,0.3,0.01,0.03,100,1,2026-05-01T00:04:27+00:00
sim_20260501000427_71aa57c548,0.1,0.8,0.6,0.05,0.01,0.6,0.01,0.03,100,2,2026-05-01T00:04:27+00:00
sim_20260501000427_7914cab373,0.5,0.5,0.6,0.05,0.005,0.3,0.01,0.01,100,2,2026-05-01T00:04:27+00:00
sim_20260501000428_9dcd281d45,1.0,0.8,0.3,0.01,0.005,0.6,0.01,0.01,100,2,2026-05-01T00:04:28+00:00
sim_20260501000428_f6c0c1f580,0.5,0.2,0.6,0.05,0.01,0.6,0.01,0.01,100,3,2026-05-01T00:04:28+00:00
sim_20260501000428_e8ec921cca,1.0,0.5,0.6,0.01,0.005,0.3,0.01,0.01,100,1,2026-05-01T00:04:28+00:00
sim_20260501000428_7aad88e1b6,0.5,0.8,0.6,0.05,0.01,0.6,0.01,0.01,100,3,2026-05-01T00:04:28+00:00
sim_20260501000428_3b7867e9b3,0.5,0.2,0.6,0.01,0.01,0.3,0.01,0.01,100,1,2026-05-01T00:04:28+00:00
sim_20260501000428_989b9de521,0.5,0.8,0.6,0.01,0.01,0.6,0.01,0.03,100,1,2026-05-01T00:04:28+00:00
sim_20260501000428_a7cb84655e,0.5,0.8,0.6,0.05,0.005,0.6,0.01,0.03,100,3,2026-05-01T00:04:28+00:00
sim_20260501000428_115e81186d,0.5,0.2,0.3,0.05,0.005,0.3,0.01,0.03,100,2,2026-05-01T00:04:28+00:00
sim_20260501000428_fa6598038c,0.1,0.8,0.3,0.01,0.005,0.6,0.01,0.03,100,2,2026-05-01T00:04:28+00:00
sim_20260501000428_34377d0d24,0.5,0.2,0.6,0.05,0.01,0.6,0.01,0.01,100,2,2026-05-01T00:04:28+00:00
sim_20260501000428_1b76f173e6,1.0,0.8,0.3,0.05,0.005,0.3,0.01,0.03,100,2,2026-05-01T00:04:28+00:00
sim_20260501000428_2580941fbe,0.5,0.8,0.6,0.01,0.01,0.6,0.005,0.03,100,3,2026-05-01T00:04:28+00:00
sim_20260501000428_b988a262b9,0.1,0.8,0.3,0.05,0.01,0.3,0.01,0.01,100,3,2026-05-01T00:04:28+00:00
sim_20260501000428_f379246ce2,0.1,0.5,0.3,0.05,0.01,0.3,0.005,0.01,100,1,2026-05-01T00:04:28+00:00
sim_20260501000429_aa5e380c35,0.5,0.8,0.6,0.01,0.01,0.6,0.005,0.03,100,1,2026-05-01T00:04:29+00:00
sim_20260501000429_0d641d5922,0.1,0.8,0.3,0.05,0.005,0.6,0.005,0.03,100,3,2026-05-01T00:04:29+00:00
sim_20260501000429_c6fb2cf812,0.1,0.5,0.3,0.01,0.005,0.3,0.01,0.03,100,3,2026-05-01T00:04:29+00:00
sim_20260501000429_1c10427a06,0.1,0.5,0.3,0.01,0.005,0.6,0.005,0.01,100,3,2026-05-01T00:04:29+00:00
sim_20260501000429_a4dacfa66e,1.0,0.5,0.6,0.01,0.005,0.3,0.005,0.01,100,3,2026-05-01T00:04:29+00:00
sim_20260501000429_2cfb6e4526,0.5,0.5,0.6,0.01,0.005,0.3,0.01,0.01,100,2,2026-05-01T00:04:29+00:00
sim_20260501000429_d2a61bba4b,0.1,0.5,0.3,0.01,0.01,0.6,0.005,0.03,100,2,2026-05-01T00:04:29+00:00
sim_20260501000429_a6080f7e4e,0.1,0.8,0.3,0.01,0.01,0.3,0.005,0.03,100,2,2026-05-01T00:04:29+00:00
sim_20260501000429_265bb5bbf0,0.5,0.8,0.6,0.01,0.01,0.6,0.01,0.01,100,2,2026-05-01T00:04:29+00:00
sim_20260501000429_149f9149fc,0.1,0.2,0.6,0.05,0.01,0.6,0.005,0.01,100,1,2026-05-01T00:04:29+00:00
sim_20260501000429_a6f6573ca8,0.1,0.8,0.3,0.05,0.01,0.6,0.01,0.03,100,1,2026-05-01T00:04:29+00:00
sim_20260501000429_3dd9b55a96,0.5,0.5,0.6,0.05,0.01,0.3,0.005,0.03,100,3,2026-05-01T00:04:29+00:00
sim_20260501000430_9bfc51129d,0.5,0.5,0.3,0.05,0.005,0.6,0.01,0.03,100,1,2026-05-01T00:04:30+00:00
sim_20260501000430_04fb953c29,0.1,0.8,0.6,0.01,0.01,0.6,0.01,0.01,100,2,2026-05-01T00:04:30+00:00
sim_20260501000430_0ea1f36233,0.1,0.5,0.6,0.05,0.01,0.3,0.01,0.03,100,1,2026-05-01T00:04:30+00:00
sim_20260501000430_ca97947066,1.0,0.5,0.6,0.01,0.01,0.6,0.005,0.01,100,2,2026-05-01T00:04:30+00:00
sim_20260501000430_f28bf7fdc4,0.1,0.8,0.3,0.05,0.01,0.3,0.005,0.01,100,1,2026-05-01T00:04:30+00:00
sim_20260501000430_a6d0b84d6b,0.1,0.2,0.3,0.05,0.005,0.6,0.01,0.03,100,3,2026-05-01T00:04:30+00:00
sim_20260501000430_eb99b7f7af,1.0,0.8,0.6,0.01,0.01,0.6,0.005,0.01,100,1,2026-05-01T00:04:30+00:00
sim_20260501000430_5ac710e9de,0.5,0.2,0.6,0.01,0.005,0.3,0.01,0.01,100,1,2026-05-01T00:04:30+00:00
sim_20260501000430_9aa61950c5,0.5,0.8,0.6,0.05,0.01,0.6,0.005,0.01,100,2,2026-05-01T00:04:30+00:00
sim_20260501000430_88d767349d,1.0,0.8,0.6,0.05,0.01,0.3,0.01,0.01,100,3,2026-05-01T00:04:30+00:00
sim_20260501000430_4291cf2650,1.0,0.5,0.6,0.01,0.005,0.6,0.01,0.01,100,1,2026-05-01T00:04:30+00:00
sim_20260501000430_073f4928f0,0.5,0.8,0.3,0.05,0.005,0.6,0.005,0.01,100,1,2026-05-01T00:04:30+00:00
sim_20260501000430_af65c0bd7c,0.5,0.5,0.6,0.01,0.005,0.3,0.005,0.01,100,3,2026-05-01T00:04:30+00:00
sim_20260501000430_a96206fb5c,0.5,0.2,0.6,0.01,0.005,0.3,0.01,0.03,100,2,2026-05-01T00:04:30+00:00
sim_20260501000431_9ce2a91822,0.1,0.5,0.3,0.05,0.005,0.3,0.01,0.01,100,1,2026-05-01T00:04:31+00:00
sim_20260501000431_44a5522d6e,1.0,0.5,0.6,0.05,0.005,0.3,0.01,0.01,100,3,2026-05-01T00:04:31+00:00
sim_20260501000431_a0d765f2c5,0.5,0.2,0.3,0.05,0.005,0.6,0.005,0.01,100,3,2026-05-01T00:04:31+00:00
sim_20260501000431_e7c5ae1371,0.1,0.2,0.6,0.05,0.005,0.3,0.005,0.01,100,2,2026-05-01T00:04:31+00:00
sim_20260501000431_c5c1fd0095,1.0,0.2,0.6,0.01,0.005,0.3,0.01,0.01,100,1,2026-05-01T00:04:31+00:00
sim_20260501000431_56fa2bcf54,0.5,0.2,0.6,0.05,0.01,0.6,0.01,0.03,100,3,2026-05-01T00:04:31+00:00
sim_20260501000431_469c0c89ba,0.1,0.5,0.6,0.01,0.005,0.3,0.005,0.03,100,2,2026-05-01T00:04:31+00:00
sim_20260501000431_c6ed18b002,0.1,0.2,0.3,0.05,0.005,0.6,0.005,0.03,100,1,2026-05-01T00:04:31+00:00
sim_20260501000431_2551869799,0.1,0.8,0.3,0.01,0.01,0.3,0.01,0.03,100,1,2026-05-01T00:04:31+00:00
sim_20260501000431_459f20121e,0.1,0.2,0.6,0.01,0.01,0.3,0.005,0.01,100,2,2026-05-01T00:04:31+00:00
sim_20260501000431_96dc3ac7cd,0.5,0.5,0.3,0.01,0.005,0.3,0.01,0.01,100,3,2026-05-01T00:04:31+00:00
sim_20260501000431_b996a37b5d,1.0,0.2,0.6,0.01,0.005,0.3,0.005,0.03,100,2,2026-05-01T00:04:31+00:00
sim_20260501000431_bee82e0074,0.1,0.2,0.3,0.01,0.01,0.3,0.01,0.03,100,1,2026-05-01T00:04:31+00:00
sim_20260501000432_1a9799094a,1.0,0.2,0.3,0.05,0.005,0.6,0.005,0.01,100,1,2026-05-01T00:04:32+00:00
sim_20260501000432_aa37497c08,0.5,0.8,0.3,0.01,0.005,0.3,0.01,0.03,100,2,2026-05-01T00:04:32+00:00
sim_20260501000432_ffe2afe361,0.5,0.8,0.6,0.05,0.01,0.6,0.005,0.01,100,1,2026-05-01T00:04:32+00:00
sim_20260501000432_64fea385b2,1.0,0.5,0.3,0.01,0.01,0.3,0.005,0.01,100,3,2026-05-01T00:04:32+00:00
sim_20260501000432_b07a063f8f,0.1,0.8,0.3,0.01,0.01,0.6,0.005,0.03,100,2,2026-05-01T00:04:32+00:00
sim_20260501000432_91ccb62ff5,1.0,0.2,0.3,0.01,0.005,0.6,0.01,0.01,100,2,2026-05-01T00:04:32+00:00
sim_20260501000432_fdef8cd498,0.1,0.8,0.6,0.05,0.01,0.3,0.005,0.03,100,1,2026-05-01T00:04:32+00:00
sim_20260501000432_72c3776620,0.5,0.5,0.3,0.05,0.005,0.3,0.005,0.01,100,3,2026-05-01T00:04:32+00:00
sim_20260501000432_cce537c225,0.1,0.8,0.6,0.05,0.005,0.3,0.005,0.01,100,2,2026-05-01T00:04:32+00:00
sim_20260501000432_76c51c19cf,0.5,0.2,0.3,0.05,0.005,0.3,0.01,0.01,100,1,2026-05-01T00:04:32+00:00
sim_20260501000432_2c04dd61ea,1.0,0.2,0.3,0.01,0.005,0.3,0.005,0.03,100,2,2026-05-01T00:04:32+00:00
sim_20260501000432_d1d2d71294,1.0,0.2,0.6,0.01,0.01,0.3,0.005,0.01,100,1,2026-05-01T00:04:32+00:00
sim_20260501000432_eb5fad3bef,0.5,0.5,0.3,0.05,0.005,0.3,0.01,0.03,100,2,2026-05-01T00:04:32+00:00
sim_20260501000433_9c4ba6ce7c,0.5,0.8,0.3,0.01,0.01,0.3,0.005,0.03,100,2,2026-05-01T00:04:33+00:00
sim_20260501000433_779f58b0e2,0.5,0.2,0.6,0.05,0.005,0.3,0.01,0.01,100,2,2026-05-01T00:04:33+00:00
sim_20260501000433_269463dda2,1.0,0.2,0.3,0.05,0.005,0.3,0.005,0.03,100,3,2026-05-01T00:04:33+00:00
sim_20260501000433_fa9d13d692,0.1,0.5,0.3,0.05,0.005,0.3,0.005,0.03,100,3,2026-05-01T00:04:33+00:00
sim_20260501000433_712f15684a,0.1,0.5,0.3,0.01,0.005,0.3,0.005,0.03,100,1,2026-05-01T00:04:33+00:00
sim_20260501000433_95b63114f6,0.1,0.5,0.6,0.05,0.005,0.6,0.01,0.03,100,2,2026-05-01T00:04:33+00:00
sim_20260501000433_8c335d71e9,1.0,0.8,0.3,0.05,0.005,0.3,0.005,0.03,100,2,2026-05-01T00:04:33+00:00
sim_20260501000433_687f8a1f4a,1.0,0.2,0.6,0.01,0.005,0.6,0.01,0.03,100,2,2026-05-01T00:04:33+00:00
sim_20260501000433_b1bbe662ed,0.5,0.8,0.3,0.05,0.005,0.3,0.01,0.01,100,1,2026-05-01T00:04:33+00:00
sim_20260501000433_36f60320b5,0.1,0.8,0.6,0.05,0.005,0.6,0.01,0.01,100,2,2026-05-01T00:04:33+00:00
sim_20260501000433_cdcf5bbf29,0.5,0.2,0.3,0.01,0.01,0.6,0.005,0.01,100,2,2026-05-01T00:04:33+00:00
sim_20260501000433_cb644acaad,1.0,0.5,0.3,0.05,0.01,0.6,0.005,0.01,100,3,2026-05-01T00:04:33+00:00
sim_20260501000433_4bf4a20edb,1.0,0.8,0.6,0.05,0.005,0.3,0.005,0.03,100,1,2026-05-01T00:04:33+00:00
sim_20260501000433_889f735ae2,0.1,0.8,0.6,0.01,0.01,0.6,0.01,0.01,100,3,2026-05-01T00:04:33+00:00
sim_20260501000434_e8fa4873b3,1.0,0.2,0.6,0.01,0.01,0.3,0.01,0.03,100,1,2026-05-01T00:04:34+00:00
sim_20260501000434_6a83fbdefd,0.1,0.8,0.3,0.01,0.01,0.6,0.01,0.03,100,2,2026-05-01T00:04:34+00:00
sim_20260501000434_2ae245f62b,0.1,0.5,0.6,0.01,0.01,0.6,0.005,0.01,100,2,2026-05-01T00:04:34+00:00
sim_20260501000434_bea3393267,0.1,0.2,0.3,0.01,0.005,0.6,0.005,0.01,100,2,2026-05-01T00:04:34+00:00
sim_20260501000434_75d77351e5,1.0,0.2,0.6,0.01,0.01,0.6,0.005,0.03,100,2,2026-05-01T00:04:34+00:00
sim_20260501000434_bec6c32424,0.1,0.5,0.6,0.01,0.01,0.6,0.01,0.01,100,3,2026-05-01T00:04:34+00:00
sim_20260501000434_e576238402,0.5,0.8,0.6,0.01,0.01,0.6,0.01,0.01,100,1,2026-05-01T00:04:34+00:00
sim_20260501000434_10b59e7ded,1.0,0.2,0.3,0.01,0.01,0.3,0.005,0.01,100,3,2026-05-01T00:04:34+00:00
sim_20260501000434_648aa30b5d,1.0,0.5,0.6,0.01,0.005,0.3,0.01,0.01,100,3,2026-05-01T00:04:34+00:00
sim_20260501000434_6aa1490ffb,1.0,0.5,0.3,0.01,0.005,0.3,0.01,0.03,100,1,2026-05-01T00:04:34+00:00
sim_20260501000434_978900d3af,1.0,0.2,0.3,0.05,0.005,0.3,0.01,0.03,100,1,2026-05-01T00:04:34+00:00
sim_20260501000434_7b0c52cb5a,0.1,0.5,0.3,0.05,0.005,0.3,0.005,0.03,100,2,2026-05-01T00:04:34+00:00
sim_20260501000434_e6837641bf,0.5,0.5,0.6,0.05,0.01,0.3,0.01,0.01,100,1,2026-05-01T00:04:34+00:00
sim_20260501000434_f07568624f,0.1,0.8,0.3,0.05,0.005,0.6,0.01,0.01,100,2,2026-05-01T00:04:34+00:00
sim_20260501000435_5591b9f6a1,0.1,0.8,0.6,0.01,0.005,0.6,0.005,0.01,100,1,2026-05-01T00:04:35+00:00
sim_20260501000435_aa4a2807ab,0.5,0.2,0.3,0.01,0.005,0.6,0.005,0.01,100,2,2026-05-01T00:04:35+00:00
sim_20260501000435_527d3ab282,0.5,0.2,0.6,0.05,0.01,0.3,0.01,0.03,100,1,2026-05-01T00:04:35+00:00
sim_20260501000435_68d48924e8,0.1,0.5,0.3,0.01,0.01,0.3,0.005,0.01,100,1,2026-05-01T00:04:35+00:00
sim_20260501000435_227eeebf8d,0.1,0.8,0.6,0.05,0.005,0.6,0.01,0.03,100,3,2026-05-01T00:04:35+00:00
sim_20260501000435_c569f520ed,1.0,0.5,0.6,0.05,0.01,0.6,0.005,0.01,100,3,2026-05-01T00:04:35+00:00
sim_20260501000435_244f3ef509,0.5,0.5,0.6,0.05,0.01,0.3,0.01,0.03,100,2,2026-05-01T00:04:35+00:00
sim_20260501000435_6557206c3d,0.1,0.8,0.3,0.05,0.01,0.6,0.005,0.03,100,3,2026-05-01T00:04:35+00:00
sim_20260501000435_d84803bd69,1.0,0.5,0.3,0.01,0.01,0.6,0.01,0.01,100,2,2026-05-01T00:04:35+00:00
sim_20260501000435_9b606226ef,0.5,0.5,0.3,0.01,0.01,0.3,0.005,0.03,100,2,2026-05-01T00:04:35+00:00
sim_20260501000435_f4c942ecd8,0.1,0.2,0.3,0.05,0.01,0.3,0.005,0.01,100,2,2026-05-01T00:04:35+00:00
sim_20260501000435_15b4860758,0.5,0.8,0.3,0.05,0.005,0.6,0.005,0.01,100,3,2026-05-01T00:04:35+00:00
sim_20260501000435_2ec16dec75,0.1,0.5,0.6,0.05,0.01,0.3,0.005,0.03,100,3,2026-05-01T00:04:35+00:00
sim_20260501000436_32c8b8ba83,0.5,0.8,0.3,0.05,0.01,0.3,0.01,0.01,100,2,2026-05-01T00:04:36+00:00
sim_20260501000436_9d56f4f0b6,1.0,0.8,0.3,0.05,0.01,0.6,0.005,0.03,100,2,2026-05-01T00:04:36+00:00
sim_20260501000436_42b7ccb7e3,0.5,0.5,0.3,0.01,0.005,0.3,0.005,0.01,100,1,2026-05-01T00:04:36+00:00
sim_20260501000436_150dea9ddd,0.1,0.8,0.6,0.01,0.01,0.3,0.01,0.01,100,3,2026-05-01T00:04:36+00:00
sim_20260501000436_c95ba3461c,1.0,0.8,0.3,0.05,0.01,0.3,0.01,0.03,100,1,2026-05-01T00:04:36+00:00
sim_20260501000436_40a50455b3,0.1,0.2,0.6,0.01,0.005,0.6,0.01,0.01,100,3,2026-05-01T00:04:36+00:00
sim_20260501000436_76229b468d,1.0,0.8,0.3,0.01,0.01,0.3,0.01,0.01,100,2,2026-05-01T00:04:36+00:00
sim_20260501000436_dc27d8de9c,0.1,0.8,0.6,0.01,0.005,0.6,0.01,0.01,100,3,2026-05-01T00:04:36+00:00
sim_20260501000436_5990d22b12,0.5,0.2,0.3,0.05,0.01,0.6,0.005,0.01,100,3,2026-05-01T00:04:36+00:00
sim_20260501000436_12c2f12843,0.1,0.2,0.3,0.05,0.005,0.3,0.01,0.03,100,3,2026-05-01T00:04:36+00:00
sim_20260501000436_b72d09e112,0.5,0.8,0.6,0.01,0.01,0.3,0.005,0.01,100,2,2026-05-01T00:04:36+00:00
sim_20260501000437_d90531d4ed,1.0,0.5,0.3,0.01,0.01,0.6,0.005,0.03,100,2,2026-05-01T00:04:37+00:00
sim_20260501000437_fab960fc92,0.5,0.5,0.6,0.05,0.005,0.6,0.005,0.01,100,3,2026-05-01T00:04:37+00:00
sim_20260501000437_ad3364e269,1.0,0.2,0.6,0.01,0.01,0.6,0.005,0.01,100,1,2026-05-01T00:04:37+00:00
sim_20260501000437_f5af76c17a,0.1,0.8,0.3,0.05,0.01,0.6,0.01,0.03,100,3,2026-05-01T00:04:37+00:00
sim_20260501000437_de0babf384,0.5,0.5,0.6,0.05,0.01,0.3,0.005,0.03,100,1,2026-05-01T00:04:37+00:00
sim_20260501000437_4992bbde02,0.1,0.8,0.3,0.05,0.005,0.6,0.01,0.01,100,1,2026-05-01T00:04:37+00:00
sim_20260501000437_ad51dd66b8,0.5,0.8,0.6,0.05,0.01,0.3,0.01,0.01,100,2,2026-05-01T00:04:37+00:00
sim_20260501000437_8f8a0a697b,1.0,0.5,0.3,0.01,0.005,0.3,0.01,0.01,100,1,2026-05-01T00:04:37+00:00
sim_20260501000437_9f371fc421,0.5,0.2,0.6,0.05,0.005,0.6,0.005,0.03,100,3,2026-05-01T00:04:37+00:00
sim_20260501000437_cd94f7a730,1.0,0.8,0.3,0.05,0.005,0.3,0.005,0.01,100,3,2026-05-01T00:04:37+00:00
sim_20260501000437_15421ee63f,0.1,0.2,0.6,0.05,0.005,0.6,0.01,0.03,100,1,2026-05-01T00:04:37+00:00
sim_20260501000437_805a281c82,0.1,0.8,0.6,0.01,0.01,0.6,0.005,0.03,100,2,2026-05-01T00:04:37+00:00
sim_20260501000437_e1cfb0d8e8,0.5,0.2,0.3,0.05,0.01,0.3,0.01,0.03,100,2,2026-05-01T00:04:37+00:00
sim_20260501000438_60e50e10be,0.5,0.8,0.3,0.05,0.01,0.3,0.005,0.01,100,3,2026-05-01T00:04:38+00:00
sim_20260501000438_f580787c07,1.0,0.5,0.6,0.01,0.01,0.6,0.01,0.03,100,2,2026-05-01T00:04:38+00:00
sim_20260501000438_0e8dfbe2a3,1.0,0.2,0.6,0.05,0.005,0.6,0.005,0.03,100,3,2026-05-01T00:04:38+00:00
sim_20260501000438_6d6edc88c0,1.0,0.5,0.3,0.05,0.01,0.6,0.005,0.01,100,1,2026-05-01T00:04:38+00:00
sim_20260501000438_438623ada1,0.1,0.5,0.3,0.01,0.005,0.6,0.01,0.03,100,3,2026-05-01T00:04:38+00:00
sim_20260501000438_21e1e04a58,1.0,0.8,0.3,0.05,0.01,0.6,0.01,0.03,100,2,2026-05-01T00:04:38+00:00
sim_20260501000438_f2e355b3d4,0.5,0.8,0.6,0.01,0.005,0.3,0.01,0.01,100,3,2026-05-01T00:04:38+00:00
sim_20260501000438_f826bb3389,0.5,0.8,0.3,0.01,0.005,0.3,0.01,0.03,100,1,2026-05-01T00:04:38+00:00
sim_20260501000438_86f3279bd2,1.0,0.2,0.6,0.05,0.01,0.3,0.01,0.01,100,2,2026-05-01T00:04:38+00:00
sim_20260501000438_161c80e322,0.5,0.8,0.6,0.01,0.005,0.3,0.01,0.03,100,3,2026-05-01T00:04:38+00:00
sim_20260501000438_6124a9b61e,1.0,0.5,0.3,0.05,0.01,0.6,0.01,0.01,100,3,2026-05-01T00:04:38+00:00
sim_20260501000438_9cee3651ef,0.5,0.8,0.3,0.05,0.01,0.3,0.01,0.03,100,1,2026-05-01T00:04:38+00:00
sim_20260501000438_0c947ed334,1.0,0.5,0.6,0.01,0.01,0.3,0.01,0.03,100,2,2026-05-01T00:04:38+00:00
sim_20260501000438_a3f68dfad7,0.5,0.2,0.3,0.05,0.01,0.6,0.01,0.01,100,3,2026-05-01T00:04:38+00:00
sim_20260501000439_aad9a76dc0,0.5,0.2,0.3,0.01,0.01,0.3,0.005,0.01,100,2,2026-05-01T00:04:39+00:00
sim_20260501000439_49679d47c0,1.0,0.2,0.6,0.01,0.01,0.6,0.005,0.01,100,3,2026-05-01T00:04:39+00:00
sim_20260501000439_7fbf94c1ef,0.5,0.2,0.6,0.05,0.01,0.6,0.01,0.01,100,1,2026-05-01T00:04:39+00:00
sim_20260501000439_e430672577,1.0,0.8,0.6,0.01,0.005,0.3,0.01,0.03,100,3,2026-05-01T00:04:39+00:00
sim_20260501000439_4b2ca8762c,0.1,0.2,0.6,0.01,0.01,0.6,0.01,0.03,100,3,2026-05-01T00:04:39+00:00
sim_20260501000439_09c355bd20,1.0,0.5,0.3,0.01,0.005,0.3,0.01,0.03,100,3,2026-05-01T00:04:39+00:00
sim_20260501000439_5199870505,0.5,0.8,0.3,0.01,0.005,0.3,0.005,0.03,100,1,2026-05-01T00:04:39+00:00
sim_20260501000439_51f5f7439d,0.5,0.2,0.6,0.01,0.01,0.6,0.005,0.03,100,3,2026-05-01T00:04:39+00:00
sim_20260501000439_cf43cd9734,0.1,0.5,0.6,0.05,0.01,0.3,0.005,0.03,100,1,2026-05-01T00:04:39+00:00
sim_20260501000439_55f97868a8,0.5,0.8,0.3,0.05,0.01,0.6,0.01,0.03,100,3,2026-05-01T00:04:39+00:00
sim_20260501000439_211055f869,1.0,0.5,0.3,0.05,0.01,0.3,0.005,0.03,100,1,2026-05-01T00:04:39+00:00
sim_20260501000439_5d49e866a6,1.0,0.2,0.6,0.05,0.005,0.3,0.005,0.03,100,3,2026-05-01T00:04:39+00:00
sim_20260501000440_111d09ec88,0.5,0.2,0.3,0.05,0.01,0.3,0.01,0.01,100,1,2026-05-01T00:04:40+00:00
sim_20260501000440_67cd663064,1.0,0.5,0.3,0.05,0.005,0.3,0.005,0.03,100,3,2026-05-01T00:04:40+00:00
sim_20260501000440_704992ab58,1.0,0.8,0.6,0.01,0.005,0.6,0.01,0.01,100,2,2026-05-01T00:04:40+00:00
sim_20260501000440_896caf28a6,1.0,0.5,0.6,0.01,0.005,0.6,0.005,0.01,100,2,2026-05-01T00:04:40+00:00
sim_20260501000440_f5fb38a22e,0.5,0.8,0.6,0.01,0.005,0.3,0.01,0.03,100,1,2026-05-01T00:04:40+00:00
sim_20260501000440_88c438d17f,1.0,0.2,0.6,0.05,0.005,0.6,0.005,0.01,100,1,2026-05-01T00:04:40+00:00
sim_20260501000440_cd2a7c04af,0.5,0.8,0.3,0.01,0.005,0.6,0.005,0.03,100,2,2026-05-01T00:04:40+00:00
sim_20260501000440_7f67b7ebb6,0.5,0.2,0.3,0.05,0.005,0.6,0.01,0.03,100,3,2026-05-01T00:04:40+00:00
sim_20260501000440_ed188cbcf9,1.0,0.8,0.3,0.05,0.01,0.6,0.01,0.03,100,3,2026-05-01T00:04:40+00:00
sim_20260501000440_9214d15981,1.0,0.2,0.3,0.05,0.01,0.6,0.01,0.03,100,2,2026-05-01T00:04:40+00:00
sim_20260501000440_bc36803fd4,1.0,0.8,0.3,0.01,0.01,0.6,0.005,0.03,100,3,2026-05-01T00:04:40+00:00
sim_20260501000440_cbf46e78b6,1.0,0.5,0.6,0.05,0.01,0.3,0.01,0.03,100,1,2026-05-01T00:04:40+00:00
sim_20260501000440_1c586dffee,1.0,0.8,0.3,0.05,0.005,0.6,0.01,0.01,100,2,2026-05-01T00:04:40+00:00
sim_20260501000440_9052b1fa4d,0.5,0.5,0.3,0.01,0.005,0.3,0.01,0.01,100,1,2026-05-01T00:04:40+00:00
sim_20260501000441_e5b418077b,0.1,0.5,0.3,0.01,0.01,0.3,0.01,0.03,100,1,2026-05-01T00:04:41+00:00
sim_20260501000441_c57a3fcda6,1.0,0.5,0.3,0.05,0.005,0.3,0.005,0.03,100,2,2026-05-01T00:04:41+00:00
sim_20260501000441_4ce81f9854,0.1,0.8,0.6,0.01,0.01,0.3,0.01,0.01,100,2,2026-05-01T00:04:41+00:00
sim_20260501000441_954738988f,0.5,0.5,0.3,0.01,0.005,0.6,0.005,0.03,100,1,2026-05-01T00:04:41+00:00
sim_20260501000441_66a08afc18,1.0,0.2,0.6,0.05,0.005,0.3,0.005,0.03,100,1,2026-05-01T00:04:41+00:00
sim_20260501000441_03a86219fd,1.0,0.8,0.3,0.01,0.01,0.3,0.01,0.01,100,1,2026-05-01T00:04:41+00:00
sim_20260501000441_86db4255a6,0.5,0.5,0.3,0.01,0.01,0.3,0.005,0.03,100,3,2026-05-01T00:04:41+00:00
sim_20260501000441_d7425848e7,0.1,0.5,0.6,0.01,0.01,0.6,0.01,0.01,100,2,2026-05-01T00:04:41+00:00
sim_20260501000441_f4b44c21bd,0.5,0.8,0.3,0.05,0.01,0.3,0.01,0.03,100,2,2026-05-01T00:04:41+00:00
sim_20260501000441_9c9f825f7d,0.1,0.5,0.6,0.01,0.01,0.6,0.005,0.03,100,1,2026-05-01T00:04:41+00:00
sim_20260501000441_7a7f838b58,1.0,0.5,0.6,0.01,0.01,0.6,0.005,0.01,100,3,2026-05-01T00:04:41+00:00
sim_20260501000441_2b7a33c971,0.5,0.2,0.6,0.05,0.01,0.3,0.01,0.01,100,3,2026-05-01T00:04:41+00:00
sim_20260501000441_efdf7e5021,1.0,0.2,0.6,0.01,0.005,0.6,0.01,0.01,100,3,2026-05-01T00:04:41+00:00
sim_20260501000442_3e9c35da86,1.0,0.8,0.6,0.05,0.01,0.3,0.01,0.03,100,1,2026-05-01T00:04:42+00:00
sim_20260501000442_f08c1409a2,1.0,0.5,0.6,0.01,0.005,0.3,0.005,0.03,100,2,2026-05-01T00:04:42+00:00
sim_20260501000442_1a8cd7608f,1.0,0.8,0.6,0.01,0.005,0.6,0.005,0.01,100,1,2026-05-01T00:04:42+00:00
sim_20260501000442_a2ee004c94,0.5,0.5,0.6,0.01,0.005,0.3,0.005,0.01,100,2,2026-05-01T00:04:42+00:00
sim_20260501000442_3e67cfa001,0.5,0.5,0.6,0.01,0.01,0.6,0.005,0.01,100,3,2026-05-01T00:04:42+00:00
sim_20260501000442_93815864b0,0.1,0.2,0.6,0.01,0.005,0.6,0.01,0.03,100,2,2026-05-01T00:04:42+00:00
sim_20260501000442_801679aec2,1.0,0.2,0.6,0.01,0.01,0.6,0.005,0.03,100,3,2026-05-01T00:04:42+00:00
sim_20260501000442_5700ce96d7,0.1,0.2,0.3,0.01,0.01,0.6,0.01,0.01,100,1,2026-05-01T00:04:42+00:00
sim_20260501000442_d2da91fd04,1.0,0.2,0.6,0.05,0.01,0.6,0.005,0.01,100,3,2026-05-01T00:04:42+00:00
sim_20260501000442_b3fb4dc2ab,1.0,0.5,0.3,0.01,0.01,0.3,0.01,0.03,100,3,2026-05-01T00:04:42+00:00
sim_20260501000442_b66025d0b1,0.1,0.2,0.3,0.01,0.01,0.6,0.01,0.03,100,3,2026-05-01T00:04:42+00:00
sim_20260501000442_c75e95dbc1,1.0,0.8,0.6,0.01,0.005,0.3,0.005,0.03,100,3,2026-05-01T00:04:42+00:00
sim_20260501000442_8809327b7e,1.0,0.2,0.3,0.05,0.005,0.6,0.01,0.03,100,2,2026-05-01T00:04:42+00:00
sim_20260501000442_836b764dbf,1.0,0.8,0.3,0.05,0.005,0.3,0.01,0.01,100,3,2026-05-01T00:04:42+00:00
sim_20260501000443_d01637437a,0.1,0.2,0.6,0.01,0.01,0.6,0.01,0.01,100,2,2026-05-01T00:04:43+00:00
sim_20260501000443_e24e9bc996,0.1,0.8,0.3,0.05,0.01,0.6,0.01,0.01,100,3,2026-05-01T00:04:43+00:00
sim_20260501000443_bf2d920fe6,0.5,0.8,0.6,0.01,0.005,0.3,0.005,0.01,100,3,2026-05-01T00:04:43+00:00
sim_20260501000443_596951ce98,1.0,0.8,0.6,0.05,0.01,0.6,0.005,0.01,100,1,2026-05-01T00:04:43+00:00
sim_20260501000443_c0e95c1674,0.5,0.8,0.3,0.05,0.01,0.6,0.005,0.03,100,1,2026-05-01T00:04:43+00:00
sim_20260501000443_c8e2f5b01b,0.5,0.2,0.3,0.01,0.005,0.3,0.005,0.01,100,1,2026-05-01T00:04:43+00:00
sim_20260501000443_64b7c3d7bb,0.5,0.8,0.6,0.05,0.005,0.3,0.01,0.03,100,3,2026-05-01T00:04:43+00:00
sim_20260501000443_5da1ca615a,0.1,0.8,0.6,0.01,0.01,0.6,0.005,0.03,100,3,2026-05-01T00:04:43+00:00
sim_20260501000443_e39d1a00a4,0.1,0.8,0.6,0.05,0.01,0.6,0.01,0.01,100,2,2026-05-01T00:04:43+00:00
sim_20260501000443_9ce046f72c,0.5,0.2,0.3,0.01,0.01,0.3,0.005,0.03,100,2,2026-05-01T00:04:43+00:00
sim_20260501000443_9933732817,1.0,0.5,0.6,0.05,0.005,0.6,0.01,0.03,100,3,2026-05-01T00:04:43+00:00
sim_20260501000443_6a82a254ae,1.0,0.8,0.6,0.05,0.01,0.3,0.01,0.01,100,1,2026-05-01T00:04:43+00:00
sim_20260501000443_ddeb52d101,0.1,0.5,0.3,0.01,0.01,0.3,0.01,0.01,100,1,2026-05-01T00:04:43+00:00
sim_20260501000443_c84ff6a406,0.1,0.2,0.6,0.01,0.005,0.3,0.01,0.01,100,2,2026-05-01T00:04:44+00:00
sim_20260501000444_3ef00b8d56,0.1,0.2,0.3,0.01,0.005,0.3,0.005,0.01,100,2,2026-05-01T00:04:44+00:00
sim_20260501000444_13afefe86f,1.0,0.5,0.6,0.01,0.01,0.6,0.005,0.03,100,3,2026-05-01T00:04:44+00:00
sim_20260501000444_9f0a4fb26b,1.0,0.8,0.3,0.05,0.005,0.3,0.005,0.03,100,3,2026-05-01T00:04:44+00:00
sim_20260501000444_86e833d8ba,1.0,0.2,0.3,0.05,0.005,0.6,0.01,0.03,100,1,2026-05-01T00:04:44+00:00
sim_20260501000444_f6b6eaffd6,0.1,0.8,0.3,0.01,0.01,0.6,0.005,0.03,100,1,2026-05-01T00:04:44+00:00
sim_20260501000444_c89a9f3d90,1.0,0.5,0.3,0.05,0.01,0.3,0.01,0.03,100,2,2026-05-01T00:04:44+00:00
sim_20260501000444_794d221885,0.1,0.8,0.3,0.05,0.005,0.3,0.005,0.01,100,3,2026-05-01T00:04:44+00:00
sim_20260501000444_6d27c5dc0b,0.1,0.2,0.3,0.05,0.005,0.6,0.005,0.03,100,2,2026-05-01T00:04:44+00:00
sim_20260501000444_a18aa9e45b,0.5,0.2,0.3,0.05,0.005,0.3,0.005,0.01,100,3,2026-05-01T00:04:44+00:00
sim_20260501000444_8a4e350746,0.5,0.5,0.3,0.05,0.005,0.3,0.005,0.03,100,2,2026-05-01T00:04:44+00:00
sim_20260501000444_b32c019354,0.1,0.5,0.6,0.05,0.005,0.6,0.01,0.01,100,1,2026-05-01T00:04:44+00:00
sim_20260501000444_af892db0bd,0.1,0.8,0.6,0.05,0.005,0.3,0.005,0.03,100,1,2026-05-01T00:04:44+00:00
sim_20260501000444_503cea37a2,0.1,0.2,0.6,0.05,0.005,0.3,0.01,0.01,100,3,2026-05-01T00:04:44+00:00
sim_20260501000445_6a0ec37739,0.1,0.2,0.3,0.01,0.005,0.6,0.005,0.03,100,1,2026-05-01T00:04:45+00:00
sim_20260501000445_ab4141c4ad,0.5,0.8,0.6,0.01,0.005,0.3,0.005,0.01,100,2,2026-05-01T00:04:45+00:00
sim_20260501000445_1bfcaafd89,1.0,0.8,0.6,0.01,0.005,0.3,0.005,0.03,100,2,2026-05-01T00:04:45+00:00
sim_20260501000445_47e3ec1b56,0.5,0.5,0.6,0.05,0.005,0.6,0.01,0.03,100,2,2026-05-01T00:04:45+00:00
sim_20260501000445_13e52f0e86,1.0,0.8,0.6,0.05,0.005,0.6,0.01,0.03,100,2,2026-05-01T00:04:45+00:00
sim_20260501000445_e2008b48bf,0.1,0.5,0.3,0.05,0.01,0.6,0.01,0.03,100,1,2026-05-01T00:04:45+00:00
sim_20260501000445_56d57fe9fe,0.5,0.2,0.6,0.01,0.01,0.3,0.01,0.03,100,1,2026-05-01T00:04:45+00:00
sim_20260501000445_d371b99445,1.0,0.5,0.6,0.01,0.01,0.3,0.01,0.01,100,2,2026-05-01T00:04:45+00:00
sim_20260501000445_9e3886715e,0.1,0.8,0.6,0.05,0.01,0.6,0.005,0.01,100,3,2026-05-01T00:04:45+00:00
sim_20260501000445_e56b772e38,0.1,0.5,0.3,0.01,0.005,0.3,0.01,0.01,100,1,2026-05-01T00:04:45+00:00
sim_20260501000445_fe0328da3d,1.0,0.5,0.6,0.05,0.01,0.6,0.01,0.01,100,2,2026-05-01T00:04:45+00:00
sim_20260501000445_6f81426d76,1.0,0.8,0.6,0.01,0.005,0.3,0.01,0.03,100,2,2026-05-01T00:04:45+00:00
sim_20260501000445_28f88026d9,0.1,0.8,0.3,0.01,0.01,0.6,0.005,0.01,100,1,2026-05-01T00:04:45+00:00
sim_20260501000445_0630c56d01,0.1,0.2,0.6,0.01,0.005,0.6,0.005,0.01,100,3,2026-05-01T00:04:45+00:00
sim_20260501000446_a6ae361193,0.1,0.5,0.3,0.01,0.005,0.3,0.01,0.03,100,2,2026-05-01T00:04:46+00:00
sim_20260501000446_b95a39867b,1.0,0.8,0.6,0.01,0.01,0.6,0.01,0.03,100,1,2026-05-01T00:04:46+00:00
sim_20260501000446_00957a73d6,1.0,0.5,0.6,0.01,0.01,0.6,0.01,0.03,100,1,2026-05-01T00:04:46+00:00
sim_20260501000446_61c63757c5,0.1,0.5,0.3,0.01,0.01,0.6,0.01,0.03,100,1,2026-05-01T00:04:46+00:00
sim_20260501000446_e6a188652d,1.0,0.2,0.3,0.05,0.01,0.6,0.005,0.01,100,2,2026-05-01T00:04:46+00:00
sim_20260501000446_05b22644df,0.5,0.2,0.6,0.01,0.005,0.6,0.005,0.03,100,1,2026-05-01T00:04:46+00:00
sim_20260501000446_2232c26b30,1.0,0.2,0.6,0.01,0.01,0.6,0.005,0.01,100,2,2026-05-01T00:04:46+00:00
sim_20260501000446_5936f1e022,0.5,0.8,0.6,0.05,0.005,0.6,0.005,0.03,100,1,2026-05-01T00:04:46+00:00
sim_20260501000446_63438fd50b,0.1,0.2,0.3,0.05,0.005,0.6,0.005,0.01,100,3,2026-05-01T00:04:46+00:00
sim_20260501000446_68c83e900c,0.1,0.5,0.3,0.05,0.01,0.3,0.01,0.01,100,1,2026-05-01T00:04:46+00:00
sim_20260501000446_4e6eea27fb,1.0,0.2,0.6,0.05,0.01,0.3,0.01,0.03,100,3,2026-05-01T00:04:46+00:00
sim_20260501000446_6b17ab91a2,1.0,0.2,0.6,0.01,0.01,0.3,0.005,0.03,100,2,2026-05-01T00:04:46+00:00
sim_20260501000446_8ba4915180,0.1,0.2,0.6,0.05,0.01,0.3,0.005,0.03,100,3,2026-05-01T00:04:46+00:00
sim_20260501000446_aeeb0230d7,1.0,0.2,0.3,0.01,0.005,0.6,0.005,0.03,100,2,2026-05-01T00:04:46+00:00
sim_20260501000447_ac1a868006,0.1,0.5,0.3,0.01,0.005,0.3,0.01,0.01,100,3,2026-05-01T00:04:47+00:00
sim_20260501000447_0b1ec5b5c3,1.0,0.8,0.3,0.01,0.005,0.3,0.01,0.01,100,3,2026-05-01T00:04:47+00:00
sim_20260501000447_fbfebc54f2,0.5,0.8,0.3,0.01,0.01,0.6,0.005,0.03,100,2,2026-05-01T00:04:47+00:00
sim_20260501000447_0ffe5d2616,1.0,0.2,0.3,0.01,0.01,0.3,0.005,0.03,100,2,2026-05-01T00:04:47+00:00
sim_20260501000447_c51e88be02,1.0,0.8,0.3,0.05,0.005,0.6,0.005,0.03,100,3,2026-05-01T00:04:47+00:00
sim_20260501000447_6b6d1c0292,0.1,0.2,0.6,0.05,0.005,0.6,0.005,0.01,100,2,2026-05-01T00:04:47+00:00
sim_20260501000447_1a15cc5a32,0.1,0.5,0.3,0.05,0.01,0.3,0.01,0.03,100,3,2026-05-01T00:04:47+00:00
sim_20260501000447_26b4ad1164,1.0,0.8,0.3,0.01,0.005,0.6,0.005,0.01,100,2,2026-05-01T00:04:47+00:00
sim_20260501000447_3e443b7384,0.1,0.8,0.6,0.05,0.01,0.6,0.005,0.03,100,3,2026-05-01T00:04:47+00:00
sim_20260501000447_69a5a79466,1.0,0.5,0.3,0.01,0.005,0.3,0.01,0.01,100,2,2026-05-01T00:04:47+00:00
sim_20260501000447_6a85311a3c,1.0,0.5,0.3,0.05,0.01,0.6,0.01,0.03,100,1,2026-05-01T00:04:47+00:00
sim_20260501000448_bf7e146475,0.5,0.5,0.6,0.01,0.01,0.6,0.005,0.01,100,1,2026-05-01T00:04:48+00:00
sim_20260501000448_90741aa312,1.0,0.8,0.6,0.01,0.01,0.3,0.01,0.01,100,2,2026-05-01T00:04:48+00:00
sim_20260501000448_f8db06c58f,1.0,0.2,0.3,0.01,0.01,0.6,0.01,0.03,100,3,2026-05-01T00:04:48+00:00
sim_20260501000448_d6027b7158,0.1,0.8,0.6,0.01,0.005,0.3,0.01,0.03,100,3,2026-05-01T00:04:48+00:00
sim_20260501000448_29887aaffc,0.5,0.8,0.6,0.01,0.01,0.3,0.005,0.03,100,3,2026-05-01T00:04:48+00:00
sim_20260501000448_972559cdf5,0.1,0.2,0.3,0.01,0.005,0.6,0.01,0.03,100,1,2026-05-01T00:04:48+00:00
sim_20260501000448_ba2c06c79b,0.5,0.5,0.3,0.01,0.01,0.6,0.005,0.03,100,2,2026-05-01T00:04:48+00:00
sim_20260501000448_4d3782ec50,0.5,0.8,0.6,0.01,0.005,0.6,0.01,0.01,100,2,2026-05-01T00:04:48+00:00
sim_20260501000448_f36e77bbf1,0.5,0.8,0.6,0.05,0.01,0.6,0.01,0.03,100,3,2026-05-01T00:04:48+00:00
sim_20260501000448_b9c4d996d8,0.5,0.2,0.3,0.01,0.01,0.6,0.01,0.01,100,3,2026-05-01T00:04:48+00:00
sim_20260501000448_3f88a8921e,0.1,0.8,0.3,0.01,0.01,0.3,0.01,0.03,100,3,2026-05-01T00:04:48+00:00
sim_20260501000448_67dd61044d,1.0,0.5,0.3,0.01,0.01,0.6,0.005,0.01,100,1,2026-05-01T00:04:48+00:00
sim_20260501000448_7bc330945f,0.5,0.8,0.3,0.01,0.01,0.3,0.01,0.03,100,3,2026-05-01T00:04:48+00:00
sim_20260501000448_5330fd620c,0.5,0.2,0.6,0.01,0.01,0.6,0.01,0.03,100,2,2026-05-01T00:04:48+00:00
sim_20260501000449_9f230a8dfc,1.0,0.8,0.6,0.05,0.005,0.3,0.01,0.03,100,1,2026-05-01T00:04:49+00:00
sim_20260501000449_f3324c5add,0.1,0.8,0.3,0.05,0.005,0.6,0.01,0.03,100,2,2026-05-01T00:04:49+00:00
sim_20260501000449_4a78e6e68f,0.1,0.2,0.6,0.01,0.01,0.3,0.01,0.03,100,1,2026-05-01T00:04:49+00:00
sim_20260501000449_07d6c409db,0.1,0.2,0.3,0.05,0.01,0.3,0.01,0.01,100,1,2026-05-01T00:04:49+00:00
sim_20260501000449_bd76a4e52b,0.1,0.2,0.6,0.01,0.005,0.6,0.005,0.03,100,1,2026-05-01T00:04:49+00:00
sim_20260501000449_4b19ac0bbf,1.0,0.2,0.6,0.05,0.005,0.6,0.01,0.03,100,2,2026-05-01T00:04:49+00:00
sim_20260501000449_238c58e822,0.1,0.5,0.6,0.05,0.005,0.3,0.01,0.03,100,2,2026-05-01T00:04:49+00:00
sim_20260501000449_5ccb51b0d8,1.0,0.8,0.3,0.01,0.01,0.6,0.005,0.01,100,3,2026-05-01T00:04:49+00:00
sim_20260501000449_953f8bf7d9,1.0,0.2,0.3,0.01,0.01,0.3,0.01,0.03,100,1,2026-05-01T00:04:49+00:00
sim_20260501000449_2f087c9bcd,0.5,0.5,0.6,0.05,0.005,0.3,0.01,0.03,100,1,2026-05-01T00:04:49+00:00
sim_20260501000449_684b4743a1,0.5,0.5,0.3,0.01,0.005,0.3,0.01,0.03,100,3,2026-05-01T00:04:49+00:00
sim_20260501000449_44834e6900,0.1,0.5,0.6,0.01,0.01,0.3,0.01,0.01,100,3,2026-05-01T00:04:49+00:00
sim_20260501000449_4c0198ba97,1.0,0.2,0.3,0.05,0.005,0.6,0.005,0.01,100,3,2026-05-01T00:04:49+00:00
sim_20260501000449_a08aa7952f,0.5,0.8,0.3,0.01,0.005,0.3,0.005,0.03,100,3,2026-05-01T00:04:49+00:00
sim_20260501000450_2489392c7d,0.1,0.8,0.6,0.01,0.01,0.6,0.005,0.01,100,3,2026-05-01T00:04:50+00:00
sim_20260501000450_244c3b2ffd,1.0,0.2,0.3,0.05,0.01,0.3,0.005,0.01,100,1,2026-05-01T00:04:50+00:00
sim_20260501000450_3d0f5ed815,0.5,0.5,0.3,0.01,0.005,0.3,0.005,0.03,100,3,2026-05-01T00:04:50+00:00
sim_20260501000450_fc1895f8df,0.5,0.5,0.3,0.01,0.005,0.3,0.005,0.01,100,3,2026-05-01T00:04:50+00:00
sim_20260501000450_2aa21fb6a0,0.5,0.8,0.6,0.01,0.005,0.6,0.005,0.01,100,2,2026-05-01T00:04:50+00:00
sim_20260501000450_a1d2ccf042,0.5,0.2,0.6,0.05,0.005,0.3,0.01,0.03,100,2,2026-05-01T00:04:50+00:00
sim_20260501000450_16af20117f,0.5,0.2,0.3,0.05,0.01,0.6,0.005,0.03,100,1,2026-05-01T00:04:50+00:00
sim_20260501000450_2b720c7985,1.0,0.2,0.6,0.05,0.005,0.6,0.005,0.03,100,2,2026-05-01T00:04:50+00:00
sim_20260501000450_7a6d35a80e,0.5,0.5,0.3,0.05,0.01,0.6,0.01,0.01,100,1,2026-05-01T00:04:50+00:00
sim_20260501000450_bebd40cfbd,0.1,0.5,0.3,0.01,0.01,0.3,0.01,0.03,100,3,2026-05-01T00:04:50+00:00
sim_20260501000450_b5087953a3,0.1,0.2,0.3,0.01,0.005,0.3,0.01,0.01,100,1,2026-05-01T00:04:50+00:00
sim_20260501000450_3931774fc4,0.5,0.2,0.6,0.05,0.005,0.3,0.005,0.01,100,1,2026-05-01T00:04:50+00:00
sim_20260501000450_d62b2a7268,0.5,0.8,0.6,0.01,0.005,0.3,0.005,0.03,100,2,2026-05-01T00:04:50+00:00
sim_20260501000450_5a74225f8d,0.1,0.2,0.3,0.05,0.01,0.3,0.005,0.01,100,1,2026-05-01T00:04:50+00:00
sim_20260501000451_2ce0b50710,0.5,0.8,0.3,0.01,0.005,0.6,0.005,0.03,100,3,2026-05-01T00:04:51+00:00
sim_20260501000451_3979a4ec9c,0.1,0.8,0.6,0.05,0.005,0.3,0.01,0.03,100,2,2026-05-01T00:04:51+00:00
sim_20260501000451_7bca82e587,1.0,0.2,0.3,0.01,0.005,0.3,0.005,0.01,100,2,2026-05-01T00:04:51+00:00
sim_20260501000451_1879dcaf8c,0.5,0.8,0.6,0.01,0.01,0.3,0.005,0.03,100,1,2026-05-01T00:04:51+00:00
sim_20260501000451_3fc8d68fe7,1.0,0.2,0.3,0.05,0.01,0.6,0.01,0.01,100,1,2026-05-01T00:04:51+00:00
sim_20260501000451_6e13eece8e,0.1,0.2,0.3,0.05,0.005,0.3,0.01,0.03,100,2,2026-05-01T00:04:51+00:00
sim_20260501000451_9b5584ec4f,0.5,0.2,0.6,0.01,0.01,0.6,0.01,0.01,100,1,2026-05-01T00:04:51+00:00
sim_20260501000451_d53006c27d,0.5,0.2,0.6,0.05,0.01,0.3,0.005,0.03,100,2,2026-05-01T00:04:51+00:00
sim_20260501000451_992443619e,0.5,0.5,0.3,0.05,0.005,0.6,0.005,0.03,100,2,2026-05-01T00:04:51+00:00
sim_20260501000451_45a21c59c1,0.1,0.5,0.3,0.05,0.01,0.3,0.005,0.03,100,1,2026-05-01T00:04:51+00:00
sim_20260501000451_c2240bf93d,0.1,0.5,0.6,0.01,0.01,0.3,0.01,0.01,100,1,2026-05-01T00:04:51+00:00
sim_20260501000452_a9d7f2c28c,1.0,0.8,0.3,0.01,0.01,0.6,0.01,0.03,100,2,2026-05-01T00:04:52+00:00
sim_20260501000452_bac3ea20a7,0.5,0.2,0.6,0.01,0.005,0.6,0.005,0.03,100,3,2026-05-01T00:04:52+00:00
sim_20260501000452_7cee7cb8f6,0.1,0.8,0.6,0.05,0.01,0.3,0.01,0.03,100,2,2026-05-01T00:04:52+00:00
sim_20260501000452_81ad5128ec,1.0,0.8,0.6,0.05,0.005,0.3,0.005,0.03,100,2,2026-05-01T00:04:52+00:00
sim_20260501000452_da19f6a6d3,1.0,0.5,0.6,0.01,0.005,0.3,0.01,0.03,100,3,2026-05-01T00:04:52+00:00
sim_20260501000452_bec15e7f51,0.5,0.5,0.3,0.01,0.01,0.3,0.01,0.01,100,2,2026-05-01T00:04:52+00:00
sim_20260501000452_5962a6863a,0.5,0.5,0.6,0.05,0.005,0.3,0.01,0.03,100,2,2026-05-01T00:04:52+00:00
sim_20260501000452_c7bcbafdab,0.1,0.8,0.6,0.05,0.01,0.6,0.005,0.03,100,1,2026-05-01T00:04:52+00:00
sim_20260501000452_43a2a96457,0.5,0.2,0.6,0.05,0.005,0.6,0.01,0.03,100,2,2026-05-01T00:04:52+00:00
sim_20260501000452_8b3706fddc,1.0,0.5,0.3,0.05,0.01,0.6,0.01,0.03,100,3,2026-05-01T00:04:52+00:00
sim_20260501000453_d24780be89,0.5,0.2,0.6,0.05,0.005,0.3,0.005,0.01,100,2,2026-05-01T00:04:53+00:00
sim_20260501000453_5c278dd60e,0.5,0.5,0.3,0.05,0.005,0.3,0.005,0.03,100,1,2026-05-01T00:04:53+00:00
sim_20260501000453_323a2d7b49,0.1,0.8,0.6,0.01,0.005,0.6,0.005,0.01,100,2,2026-05-01T00:04:53+00:00
sim_20260501000453_b6070300c7,1.0,0.5,0.3,0.01,0.01,0.3,0.01,0.01,100,2,2026-05-01T00:04:53+00:00
sim_20260501000453_1609596c43,0.1,0.5,0.3,0.01,0.01,0.3,0.01,0.01,100,2,2026-05-01T00:04:53+00:00
sim_20260501000453_bdf9d8df45,0.5,0.2,0.6,0.01,0.005,0.3,0.005,0.03,100,1,2026-05-01T00:04:53+00:00
sim_20260501000453_20cebcc20e,0.1,0.5,0.3,0.05,0.01,0.6,0.01,0.03,100,2,2026-05-01T00:04:53+00:00
sim_20260501000453_95de6dd5e0,0.1,0.2,0.3,0.05,0.01,0.3,0.01,0.03,100,3,2026-05-01T00:04:53+00:00
sim_20260501000453_b7954f28ba,1.0,0.2,0.6,0.05,0.01,0.6,0.01,0.01,100,3,2026-05-01T00:04:53+00:00
sim_20260501000453_306971a4d6,0.1,0.5,0.6,0.05,0.01,0.3,0.01,0.01,100,2,2026-05-01T00:04:53+00:00
sim_20260501000453_fd3fff2c54,0.1,0.2,0.6,0.01,0.005,0.3,0.005,0.03,100,2,2026-05-01T00:04:53+00:00
sim_20260501000453_09e5ea3b62,0.1,0.8,0.3,0.05,0.005,0.3,0.005,0.03,100,3,2026-05-01T00:04:53+00:00
sim_20260501000453_142eaf1ab9,0.1,0.2,0.6,0.05,0.005,0.6,0.01,0.01,100,2,2026-05-01T00:04:53+00:00
sim_20260501000453_4c4bc9af39,1.0,0.2,0.3,0.01,0.01,0.6,0.01,0.01,100,1,2026-05-01T00:04:53+00:00
sim_20260501000454_0771697e87,0.5,0.5,0.6,0.05,0.01,0.6,0.005,0.01,100,3,2026-05-01T00:04:54+00:00
sim_20260501000454_c5523ed404,1.0,0.5,0.3,0.05,0.01,0.3,0.005,0.01,100,3,2026-05-01T00:04:54+00:00
sim_20260501000454_c9b127fb9a,0.5,0.5,0.3,0.05,0.005,0.3,0.005,0.03,100,3,2026-05-01T00:04:54+00:00
sim_20260501000454_b4e5cde860,0.5,0.5,0.6,0.01,0.01,0.3,0.005,0.03,100,3,2026-05-01T00:04:54+00:00
sim_20260501000454_a5177b8f15,0.1,0.5,0.3,0.05,0.005,0.6,0.005,0.03,100,1,2026-05-01T00:04:54+00:00
sim_20260501000454_09c75293ea,0.5,0.8,0.6,0.05,0.005,0.3,0.005,0.01,100,2,2026-05-01T00:04:54+00:00
sim_20260501000454_852adb1bde,0.5,0.2,0.3,0.01,0.01,0.6,0.01,0.03,100,1,2026-05-01T00:04:54+00:00
sim_20260501000454_be1c257974,0.5,0.8,0.6,0.05,0.005,0.3,0.01,0.01,100,3,2026-05-01T00:04:54+00:00
sim_20260501000454_3aa09fb692,1.0,0.2,0.6,0.05,0.01,0.3,0.005,0.03,100,3,2026-05-01T00:04:54+00:00
sim_20260501000454_3c5bddae75,1.0,0.8,0.3,0.01,0.005,0.6,0.01,0.01,100,1,2026-05-01T00:04:54+00:00
sim_20260501000454_abfd1e3dae,0.5,0.5,0.6,0.05,0.01,0.6,0.005,0.03,100,2,2026-05-01T00:04:54+00:00
sim_20260501000454_e46522751a,1.0,0.8,0.6,0.05,0.005,0.3,0.005,0.01,100,2,2026-05-01T00:04:54+00:00
sim_20260501000454_d0fe195f97,0.1,0.5,0.3,0.01,0.005,0.3,0.01,0.03,100,1,2026-05-01T00:04:54+00:00
sim_20260501000455_bc29230ac9,0.5,0.8,0.6,0.01,0.01,0.6,0.01,0.01,100,3,2026-05-01T00:04:55+00:00
sim_20260501000455_acd99fe656,0.1,0.2,0.6,0.05,0.005,0.6,0.005,0.01,100,1,2026-05-01T00:04:55+00:00
sim_20260501000455_57546a2888,0.1,0.8,0.6,0.05,0.01,0.6,0.005,0.03,100,2,2026-05-01T00:04:55+00:00
sim_20260501000455_f9ca4e27c4,0.1,0.8,0.3,0.05,0.005,0.3,0.005,0.01,100,2,2026-05-01T00:04:55+00:00
sim_20260501000455_8b3154e304,0.1,0.2,0.6,0.01,0.01,0.3,0.01,0.01,100,2,2026-05-01T00:04:55+00:00
sim_20260501000455_a65de2db4e,1.0,0.5,0.6,0.01,0.005,0.3,0.005,0.03,100,3,2026-05-01T00:04:55+00:00
sim_20260501000455_0c7cd9503e,0.1,0.5,0.3,0.05,0.01,0.6,0.005,0.03,100,2,2026-05-01T00:04:55+00:00
sim_20260501000455_b043a38ac1,0.1,0.5,0.6,0.05,0.01,0.6,0.005,0.01,100,2,2026-05-01T00:04:55+00:00
sim_20260501000455_f39dd83ba5,0.1,0.2,0.6,0.01,0.005,0.3,0.01,0.01,100,1,2026-05-01T00:04:55+00:00
sim_20260501000455_dfe806db4e,1.0,0.5,0.3,0.01,0.01,0.6,0.01,0.03,100,3,2026-05-01T00:04:55+00:00
sim_20260501000455_0cf63eea2e,1.0,0.5,0.6,0.05,0.005,0.3,0.005,0.01,100,1,2026-05-01T00:04:55+00:00
sim_20260501000455_264d564d0c,1.0,0.5,0.3,0.05,0.01,0.6,0.005,0.03,100,3,2026-05-01T00:04:55+00:00
sim_20260501000456_54217a9a77,0.5,0.8,0.6,0.05,0.01,0.3,0.005,0.03,100,2,2026-05-01T00:04:56+00:00
sim_20260501000456_8fe75518b7,0.1,0.8,0.3,0.01,0.005,0.6,0.01,0.03,100,3,2026-05-01T00:04:56+00:00
sim_20260501000456_4e12a8af16,0.5,0.5,0.6,0.05,0.005,0.6,0.01,0.01,100,2,2026-05-01T00:04:56+00:00
sim_20260501000456_fa611e857a,0.5,0.2,0.6,0.05,0.01,0.6,0.005,0.01,100,3,2026-05-01T00:04:56+00:00
sim_20260501000456_7feab70d31,1.0,0.2,0.3,0.01,0.005,0.3,0.005,0.03,100,3,2026-05-01T00:04:56+00:00
sim_20260501000456_4855674c4b,0.1,0.2,0.6,0.05,0.01,0.6,0.01,0.01,100,1,2026-05-01T00:04:56+00:00
sim_20260501000456_c75bd2cd34,1.0,0.2,0.3,0.01,0.005,0.6,0.005,0.03,100,3,2026-05-01T00:04:56+00:00
sim_20260501000456_af0c6faa97,1.0,0.2,0.6,0.05,0.005,0.6,0.01,0.01,100,2,2026-05-01T00:04:56+00:00
sim_20260501000456_33f9a6dcce,0.1,0.5,0.3,0.05,0.01,0.3,0.005,0.03,100,2,2026-05-01T00:04:56+00:00
sim_20260501000456_22d448145b,0.5,0.5,0.6,0.01,0.005,0.6,0.005,0.01,100,2,2026-05-01T00:04:56+00:00
sim_20260501000456_909f536129,0.5,0.8,0.6,0.01,0.01,0.6,0.01,0.03,100,3,2026-05-01T00:04:56+00:00
sim_20260501000456_a2b53c6465,0.1,0.5,0.3,0.05,0.005,0.6,0.005,0.03,100,2,2026-05-01T00:04:56+00:00
sim_20260501000457_7e5ef42db2,0.5,0.8,0.6,0.05,0.01,0.3,0.005,0.01,100,3,2026-05-01T00:04:57+00:00
sim_20260501000457_26e0383c7f,0.1,0.5,0.6,0.05,0.01,0.6,0.005,0.01,100,3,2026-05-01T00:04:57+00:00
sim_20260501000457_2629923dfc,1.0,0.2,0.6,0.01,0.005,0.3,0.005,0.03,100,1,2026-05-01T00:04:57+00:00
sim_20260501000457_731e7db2e0,0.1,0.8,0.3,0.01,0.005,0.3,0.01,0.03,100,1,2026-05-01T00:04:57+00:00
sim_20260501000457_551f6c7d33,0.1,0.8,0.3,0.05,0.01,0.3,0.01,0.03,100,3,2026-05-01T00:04:57+00:00
sim_20260501000457_871732a29f,0.1,0.2,0.6,0.01,0.01,0.6,0.01,0.03,100,1,2026-05-01T00:04:57+00:00
sim_20260501000457_dc52b2d5cf,0.5,0.5,0.6,0.05,0.01,0.3,0.01,0.01,100,2,2026-05-01T00:04:57+00:00
sim_20260501000457_7dbac28dd8,1.0,0.8,0.6,0.05,0.005,0.6,0.005,0.01,100,2,2026-05-01T00:04:57+00:00
sim_20260501000457_44205eb76f,0.1,0.8,0.6,0.05,0.005,0.6,0.005,0.03,100,2,2026-05-01T00:04:57+00:00
sim_20260501000457_e73e7a9fee,1.0,0.8,0.6,0.05,0.01,0.3,0.005,0.03,100,2,2026-05-01T00:04:57+00:00
sim_20260501000457_c8389c5fd1,1.0,0.8,0.6,0.05,0.01,0.3,0.005,0.03,100,1,2026-05-01T00:04:57+00:00
sim_20260501000458_a639783f25,0.5,0.2,0.3,0.01,0.005,0.3,0.01,0.03,100,3,2026-05-01T00:04:58+00:00
sim_20260501000458_19811c83f1,0.1,0.2,0.3,0.05,0.005,0.3,0.01,0.03,100,1,2026-05-01T00:04:58+00:00
sim_20260501000458_315b5dbd0e,1.0,0.5,0.3,0.01,0.005,0.3,0.005,0.01,100,1,2026-05-01T00:04:58+00:00
sim_20260501000458_f5b6fa73a3,1.0,0.2,0.6,0.01,0.01,0.3,0.01,0.01,100,3,2026-05-01T00:04:58+00:00
sim_20260501000458_7a7e7b155b,0.5,0.2,0.3,0.05,0.01,0.6,0.005,0.01,100,2,2026-05-01T00:04:58+00:00
sim_20260501000458_7389cdb7f6,1.0,0.5,0.6,0.05,0.005,0.3,0.01,0.01,100,1,2026-05-01T00:04:58+00:00
sim_20260501000458_b08207fbe6,1.0,0.2,0.3,0.05,0.005,0.6,0.01,0.01,100,3,2026-05-01T00:04:58+00:00
sim_20260501000458_622f831624,0.1,0.5,0.6,0.01,0.01,0.6,0.005,0.03,100,2,2026-05-01T00:04:58+00:00
sim_20260501000458_d2adbf1e68,0.1,0.8,0.6,0.05,0.005,0.6,0.005,0.01,100,2,2026-05-01T00:04:58+00:00
sim_20260501000458_a67e6f777a,1.0,0.5,0.3,0.01,0.005,0.6,0.005,0.01,100,2,2026-05-01T00:04:58+00:00
sim_20260501000458_b0849b64bb,0.5,0.2,0.6,0.01,0.005,0.6,0.01,0.03,100,2,2026-05-01T00:04:58+00:00
sim_20260501000458_1903c131b6,1.0,0.8,0.6,0.01,0.005,0.6,0.01,0.03,100,2,2026-05-01T00:04:58+00:00
sim_20260501000458_a83ec06070,1.0,0.8,0.6,0.05,0.005,0.3,0.01,0.01,100,3,2026-05-01T00:04:58+00:00
sim_20260501000459_500a27cc94,0.1,0.8,0.3,0.05,0.005,0.3,0.01,0.03,100,3,2026-05-01T00:04:59+00:00
sim_20260501000459_88cd0208db,1.0,0.5,0.6,0.01,0.01,0.3,0.005,0.01,100,2,2026-05-01T00:04:59+00:00
sim_20260501000459_825802d754,1.0,0.8,0.6,0.01,0.01,0.6,0.005,0.01,100,2,2026-05-01T00:04:59+00:00
sim_20260501000459_68f8fcdd59,1.0,0.5,0.6,0.01,0.01,0.6,0.005,0.01,100,1,2026-05-01T00:04:59+00:00
sim_20260501000459_9f6982409d,1.0,0.2,0.3,0.01,0.005,0.6,0.005,0.01,100,2,2026-05-01T00:04:59+00:00
sim_20260501000459_da1a0315c6,1.0,0.8,0.6,0.05,0.005,0.6,0.01,0.03,100,1,2026-05-01T00:04:59+00:00
sim_20260501000459_a3252adf0d,1.0,0.5,0.3,0.01,0.005,0.6,0.005,0.01,100,1,2026-05-01T00:04:59+00:00
sim_20260501000459_74a9d8e0de,0.1,0.5,0.6,0.01,0.005,0.6,0.005,0.03,100,2,2026-05-01T00:04:59+00:00
sim_20260501000459_e59ae51b97,0.1,0.5,0.6,0.05,0.005,0.6,0.005,0.03,100,1,2026-05-01T00:04:59+00:00
sim_20260501000459_7eba0d0ba6,0.5,0.8,0.6,0.05,0.01,0.6,0.01,0.01,100,1,2026-05-01T00:04:59+00:00
sim_20260501000459_d706d0bb2a,0.5,0.2,0.3,0.01,0.01,0.6,0.005,0.03,100,2,2026-05-01T00:04:59+00:00
sim_20260501000459_d9d1447486,0.1,0.2,0.6,0.05,0.01,0.6,0.01,0.03,100,1,2026-05-01T00:04:59+00:00
sim_20260501000459_5b2a3cd751,0.5,0.8,0.3,0.05,0.005,0.6,0.01,0.01,100,2,2026-05-01T00:04:59+00:00
sim_20260501000459_7b1b0c3e32,0.5,0.5,0.3,0.01,0.01,0.6,0.01,0.01,100,3,2026-05-01T00:04:59+00:00
sim_20260501000500_ba18d7e8e4,0.5,0.5,0.3,0.05,0.01,0.3,0.01,0.03,100,1,2026-05-01T00:05:00+00:00
sim_20260501000500_7946a1ba99,0.5,0.8,0.6,0.01,0.005,0.6,0.005,0.03,100,2,2026-05-01T00:05:00+00:00
sim_20260501000500_fe74c1d3e1,1.0,0.8,0.6,0.05,0.01,0.6,0.01,0.01,100,2,2026-05-01T00:05:00+00:00
sim_20260501000500_10675f09ee,1.0,0.8,0.6,0.01,0.005,0.3,0.005,0.03,100,1,2026-05-01T00:05:00+00:00
sim_20260501000500_fd3b79a582,0.5,0.5,0.6,0.05,0.005,0.3,0.005,0.03,100,1,2026-05-01T00:05:00+00:00
sim_20260501000500_85d81022e3,0.5,0.8,0.3,0.05,0.005,0.6,0.01,0.03,100,3,2026-05-01T00:05:00+00:00
sim_20260501000500_285b74070b,1.0,0.2,0.3,0.05,0.005,0.3,0.005,0.01,100,3,2026-05-01T00:05:00+00:00
sim_20260501000500_c47f58859b,0.1,0.5,0.6,0.01,0.005,0.6,0.01,0.03,100,2,2026-05-01T00:05:00+00:00
sim_20260501000500_c927532578,0.1,0.8,0.6,0.01,0.005,0.3,0.005,0.03,100,1,2026-05-01T00:05:00+00:00
sim_20260501000500_bb69c381e3,1.0,0.5,0.6,0.05,0.01,0.3,0.005,0.03,100,1,2026-05-01T00:05:00+00:00
sim_20260501000500_bc8c64a06d,0.1,0.2,0.3,0.05,0.01,0.6,0.01,0.03,100,1,2026-05-01T00:05:00+00:00
sim_20260501000501_98d760a397,1.0,0.5,0.3,0.05,0.01,0.3,0.01,0.03,100,3,2026-05-01T00:05:01+00:00
sim_20260501000501_614f6694a6,1.0,0.5,0.6,0.05,0.01,0.6,0.005,0.03,100,2,2026-05-01T00:05:01+00:00
sim_20260501000501_c4d438e84e,1.0,0.8,0.3,0.01,0.005,0.3,0.005,0.01,100,1,2026-05-01T00:05:01+00:00
sim_20260501000501_ee1e20c863,1.0,0.8,0.6,0.01,0.01,0.3,0.01,0.03,100,3,2026-05-01T00:05:01+00:00
sim_20260501000501_d4dc0c5d4a,1.0,0.2,0.6,0.01,0.005,0.3,0.005,0.01,100,2,2026-05-01T00:05:01+00:00
sim_20260501000501_f75af5eb03,0.1,0.8,0.6,0.01,0.005,0.3,0.005,0.03,100,3,2026-05-01T00:05:01+00:00
sim_20260501000501_688757e563,1.0,0.2,0.3,0.05,0.01,0.6,0.005,0.03,100,1,2026-05-01T00:05:01+00:00
sim_20260501000501_f70a35ae43,1.0,0.2,0.3,0.01,0.01,0.6,0.01,0.03,100,1,2026-05-01T00:05:01+00:00
sim_20260501000501_869bbbfb68,1.0,0.2,0.6,0.05,0.005,0.3,0.01,0.01,100,3,2026-05-01T00:05:01+00:00
sim_20260501000501_aee453c91e,0.5,0.5,0.6,0.05,0.005,0.6,0.01,0.03,100,3,2026-05-01T00:05:01+00:00
sim_20260501000501_995f76b419,0.1,0.2,0.3,0.01,0.01,0.6,0.005,0.01,100,3,2026-05-01T00:05:01+00:00
sim_20260501000501_915f6a4613,1.0,0.5,0.3,0.05,0.01,0.6,0.005,0.01,100,2,2026-05-01T00:05:01+00:00
sim_20260501000502_921389a8f6,0.5,0.5,0.3,0.05,0.01,0.6,0.005,0.03,100,3,2026-05-01T00:05:02+00:00
sim_20260501000502_ffe8a51ffe,0.5,0.2,0.3,0.05,0.01,0.6,0.01,0.03,100,2,2026-05-01T00:05:02+00:00
sim_20260501000502_ad0e4d3983,1.0,0.5,0.6,0.05,0.005,0.3,0.01,0.01,100,2,2026-05-01T00:05:02+00:00
sim_20260501000502_51d88a196f,0.1,0.2,0.6,0.05,0.005,0.6,0.005,0.03,100,3,2026-05-01T00:05:02+00:00
sim_20260501000502_e34a664734,0.5,0.2,0.3,0.01,0.005,0.3,0.005,0.03,100,3,2026-05-01T00:05:02+00:00
sim_20260501000502_71665500a5,1.0,0.8,0.3,0.05,0.005,0.3,0.005,0.01,100,2,2026-05-01T00:05:02+00:00
sim_20260501000502_ce62176dc0,0.1,0.8,0.3,0.05,0.01,0.3,0.01,0.01,100,1,2026-05-01T00:05:02+00:00
sim_20260501000502_825d9827fc,0.5,0.2,0.3,0.05,0.01,0.6,0.01,0.01,100,1,2026-05-01T00:05:02+00:00
sim_20260501000502_dd281f0288,0.1,0.5,0.6,0.01,0.005,0.3,0.01,0.03,100,2,2026-05-01T00:05:02+00:00
sim_20260501000502_673687c6f9,0.5,0.8,0.3,0.05,0.005,0.6,0.005,0.01,100,2,2026-05-01T00:05:02+00:00
sim_20260501000502_c793b52457,1.0,0.8,0.3,0.05,0.005,0.3,0.01,0.01,100,1,2026-05-01T00:05:02+00:00
sim_20260501000503_a40f7ef7b8,1.0,0.8,0.6,0.01,0.005,0.3,0.005,0.01,100,2,2026-05-01T00:05:03+00:00
sim_20260501000503_621a211cf6,0.5,0.5,0.3,0.01,0.01,0.3,0.01,0.03,100,2,2026-05-01T00:05:03+00:00
sim_20260501000503_d6de21fd06,0.5,0.5,0.6,0.01,0.005,0.6,0.01,0.03,100,1,2026-05-01T00:05:03+00:00
sim_20260501000503_61c52652dd,0.1,0.5,0.6,0.05,0.005,0.3,0.005,0.03,100,1,2026-05-01T00:05:03+00:00
sim_20260501000503_c469428b2f,0.5,0.5,0.6,0.05,0.01,0.6,0.005,0.01,100,2,2026-05-01T00:05:03+00:00
sim_20260501000503_70fb48d691,0.5,0.5,0.3,0.01,0.01,0.6,0.005,0.01,100,3,2026-05-01T00:05:03+00:00
sim_20260501000503_933dbf7bab,0.1,0.2,0.6,0.05,0.005,0.3,0.01,0.01,100,1,2026-05-01T00:05:03+00:00
sim_20260501000503_a7d01bfb9b,0.5,0.5,0.6,0.05,0.01,0.3,0.005,0.03,100,2,2026-05-01T00:05:03+00:00
sim_20260501000503_20c8363aaa,0.1,0.8,0.6,0.01,0.01,0.3,0.005,0.01,100,1,2026-05-01T00:05:03+00:00
sim_20260501000503_72dcf226c3,0.1,0.2,0.6,0.05,0.01,0.6,0.005,0.03,100,3,2026-05-01T00:05:03+00:00
sim_20260501000503_e07933f1e5,0.1,0.5,0.3,0.05,0.005,0.6,0.01,0.03,100,2,2026-05-01T00:05:03+00:00
sim_20260501000504_49ca3c6ffc,0.1,0.2,0.3,0.05,0.005,0.3,0.005,0.03,100,2,2026-05-01T00:05:04+00:00
sim_20260501000504_02d0c9aace,0.5,0.5,0.3,0.05,0.01,0.3,0.005,0.03,100,2,2026-05-01T00:05:04+00:00
sim_20260501000504_1634c3aead,0.1,0.2,0.3,0.01,0.005,0.3,0.005,0.03,100,1,2026-05-01T00:05:04+00:00
sim_20260501000504_3a81b38634,1.0,0.2,0.3,0.05,0.01,0.3,0.01,0.01,100,1,2026-05-01T00:05:04+00:00
sim_20260501000504_1a9ee194f4,0.1,0.8,0.6,0.05,0.005,0.3,0.01,0.01,100,2,2026-05-01T00:05:04+00:00
sim_20260501000504_85fb288aac,0.5,0.2,0.3,0.01,0.01,0.6,0.005,0.01,100,1,2026-05-01T00:05:04+00:00
sim_20260501000504_b7f59e6274,0.1,0.5,0.3,0.05,0.005,0.3,0.005,0.01,100,2,2026-05-01T00:05:04+00:00
sim_20260501000504_185bcf5183,0.1,0.8,0.6,0.01,0.01,0.6,0.01,0.03,100,1,2026-05-01T00:05:04+00:00
sim_20260501000504_da51ad498f,0.5,0.5,0.3,0.05,0.005,0.6,0.005,0.01,100,1,2026-05-01T00:05:04+00:00
sim_20260501000504_964a855f1c,0.1,0.5,0.3,0.05,0.005,0.6,0.005,0.03,100,3,2026-05-01T00:05:04+00:00
sim_20260501000504_3918d48a7d,1.0,0.8,0.6,0.01,0.01,0.6,0.01,0.01,100,3,2026-05-01T00:05:04+00:00
sim_20260501000504_504c05f24d,0.1,0.2,0.3,0.05,0.01,0.3,0.005,0.03,100,2,2026-05-01T00:05:04+00:00
sim_20260501000504_478eb9817f,0.5,0.5,0.3,0.01,0.01,0.3,0.005,0.01,100,3,2026-05-01T00:05:04+00:00
sim_20260501000504_9e197e6bb7,0.5,0.2,0.3,0.05,0.005,0.3,0.005,0.01,100,1,2026-05-01T00:05:04+00:00
sim_20260501000505_20331422c3,0.5,0.2,0.6,0.01,0.01,0.6,0.01,0.01,100,2,2026-05-01T00:05:05+00:00
sim_20260501000505_3b42ffee89,0.5,0.2,0.6,0.05,0.01,0.3,0.01,0.03,100,3,2026-05-01T00:05:05+00:00
sim_20260501000505_e60285b4d7,0.5,0.2,0.3,0.05,0.01,0.3,0.01,0.01,100,2,2026-05-01T00:05:05+00:00
sim_20260501000505_ddc78e04da,1.0,0.2,0.3,0.05,0.005,0.6,0.005,0.03,100,2,2026-05-01T00:05:05+00:00
sim_20260501000505_2740edf09b,0.5,0.5,0.6,0.05,0.01,0.6,0.01,0.03,100,2,2026-05-01T00:05:05+00:00
sim_20260501000505_50c3432987,1.0,0.8,0.6,0.01,0.005,0.6,0.01,0.03,100,3,2026-05-01T00:05:05+00:00
sim_20260501000505_2ca89b5fad,0.1,0.2,0.6,0.05,0.005,0.3,0.01,0.01,100,2,2026-05-01T00:05:05+00:00
sim_20260501000505_389eaa84f3,0.1,0.2,0.3,0.01,0.01,0.6,0.01,0.01,100,3,2026-05-01T00:05:05+00:00
sim_20260501000505_fb628d7f3d,0.5,0.2,0.3,0.01,0.005,0.6,0.005,0.03,100,2,2026-05-01T00:05:05+00:00
sim_20260501000505_cdc7fc8051,0.5,0.8,0.6,0.01,0.005,0.6,0.005,0.01,100,1,2026-05-01T00:05:05+00:00
sim_20260501000505_d34ccf7a34,1.0,0.2,0.6,0.05,0.005,0.3,0.005,0.01,100,2,2026-05-01T00:05:05+00:00
sim_20260501000505_b7f5cd33fc,1.0,0.8,0.3,0.01,0.005,0.3,0.01,0.01,100,2,2026-05-01T00:05:05+00:00
sim_20260501000505_d462c5dd1e,1.0,0.5,0.3,0.01,0.005,0.6,0.01,0.01,100,2,2026-05-01T00:05:05+00:00
sim_20260501000505_b2b1624cc4,0.1,0.8,0.6,0.05,0.01,0.3,0.005,0.03,100,2,2026-05-01T00:05:05+00:00
sim_20260501000506_8e70071299,1.0,0.2,0.3,0.01,0.01,0.6,0.005,0.03,100,1,2026-05-01T00:05:06+00:00
sim_20260501000506_d6479ff0f7,0.1,0.8,0.6,0.05,0.01,0.6,0.01,0.01,100,3,2026-05-01T00:05:06+00:00
sim_20260501000506_8843ddc06d,0.1,0.2,0.3,0.01,0.01,0.6,0.005,0.01,100,1,2026-05-01T00:05:06+00:00
sim_20260501000506_1a0cd8990e,0.5,0.8,0.6,0.05,0.005,0.3,0.01,0.01,100,1,2026-05-01T00:05:06+00:00
sim_20260501000506_97b050517b,0.5,0.8,0.3,0.01,0.005,0.3,0.01,0.01,100,3,2026-05-01T00:05:06+00:00
sim_20260501000506_6e141865cd,0.1,0.8,0.3,0.05,0.005,0.6,0.01,0.03,100,1,2026-05-01T00:05:06+00:00
sim_20260501000506_64d0bebd83,0.5,0.8,0.6,0.05,0.01,0.3,0.01,0.01,100,3,2026-05-01T00:05:06+00:00
sim_20260501000506_210d55e3dd,0.1,0.5,0.6,0.05,0.005,0.6,0.01,0.01,100,2,2026-05-01T00:05:06+00:00
sim_20260501000506_3aa2e740d0,1.0,0.2,0.6,0.05,0.01,0.3,0.005,0.01,100,1,2026-05-01T00:05:06+00:00
sim_20260501000506_fa6670f8bd,1.0,0.2,0.3,0.01,0.01,0.6,0.005,0.03,100,2,2026-05-01T00:05:06+00:00
sim_20260501000506_ac0641300c,0.5,0.2,0.3,0.05,0.005,0.6,0.01,0.03,100,1,2026-05-01T00:05:06+00:00
sim_20260501000506_972e3fa653,0.5,0.2,0.3,0.01,0.01,0.3,0.01,0.03,100,3,2026-05-01T00:05:06+00:00
sim_20260501000506_628b4c1f76,0.1,0.8,0.6,0.01,0.005,0.3,0.005,0.01,100,3,2026-05-01T00:05:06+00:00
sim_20260501000507_f35c005012,0.1,0.5,0.6,0.01,0.005,0.3,0.01,0.01,100,1,2026-05-01T00:05:07+00:00
sim_20260501000507_3ea9a0c76b,0.1,0.2,0.6,0.05,0.01,0.3,0.005,0.01,100,1,2026-05-01T00:05:07+00:00
sim_20260501000507_596b0f10c1,1.0,0.5,0.3,0.05,0.01,0.3,0.005,0.03,100,3,2026-05-01T00:05:07+00:00
sim_20260501000507_370f8dab70,0.5,0.8,0.3,0.05,0.01,0.6,0.01,0.01,100,3,2026-05-01T00:05:07+00:00
sim_20260501000507_8876ca6c74,0.5,0.2,0.3,0.01,0.005,0.6,0.005,0.03,100,3,2026-05-01T00:05:07+00:00
sim_20260501000507_98e9383b91,0.5,0.2,0.3,0.05,0.005,0.6,0.005,0.03,100,3,2026-05-01T00:05:07+00:00
sim_20260501000507_7b45173f99,1.0,0.2,0.3,0.01,0.01,0.3,0.005,0.01,100,2,2026-05-01T00:05:07+00:00
sim_20260501000507_2ef5c0051a,1.0,0.8,0.3,0.05,0.005,0.6,0.005,0.03,100,2,2026-05-01T00:05:07+00:00
sim_20260501000507_bec8484be6,0.5,0.2,0.6,0.05,0.01,0.6,0.005,0.01,100,2,2026-05-01T00:05:07+00:00
sim_20260501000507_d56367d489,0.5,0.8,0.3,0.01,0.01,0.6,0.005,0.01,100,2,2026-05-01T00:05:07+00:00
sim_20260501000507_92082a9887,1.0,0.5,0.6,0.01,0.005,0.3,0.01,0.01,100,2,2026-05-01T00:05:07+00:00
sim_20260501000507_14f1daa24c,1.0,0.8,0.6,0.01,0.01,0.6,0.005,0.03,100,2,2026-05-01T00:05:07+00:00
sim_20260501000507_ca5bfc229f,0.1,0.5,0.6,0.01,0.01,0.6,0.005,0.01,100,3,2026-05-01T00:05:07+00:00
sim_20260501000508_67f6d3df74,0.1,0.5,0.6,0.05,0.005,0.3,0.005,0.03,100,2,2026-05-01T00:05:08+00:00
sim_20260501000508_3b524395cb,1.0,0.8,0.6,0.01,0.01,0.3,0.005,0.03,100,3,2026-05-01T00:05:08+00:00
sim_20260501000508_51bfe25550,1.0,0.2,0.3,0.05,0.005,0.3,0.005,0.03,100,1,2026-05-01T00:05:08+00:00
sim_20260501000508_7772a6eb1a,1.0,0.2,0.6,0.05,0.005,0.3,0.01,0.01,100,2,2026-05-01T00:05:08+00:00
sim_20260501000508_d23eecd466,0.1,0.5,0.3,0.05,0.01,0.6,0.01,0.01,100,1,2026-05-01T00:05:08+00:00
sim_20260501000508_d201327857,0.5,0.8,0.3,0.01,0.01,0.3,0.01,0.01,100,2,2026-05-01T00:05:08+00:00
sim_20260501000508_8386037591,0.1,0.5,0.6,0.05,0.01,0.3,0.01,0.03,100,2,2026-05-01T00:05:08+00:00
sim_20260501000508_657c4403a8,0.1,0.8,0.3,0.05,0.01,0.3,0.005,0.03,100,1,2026-05-01T00:05:08+00:00
sim_20260501000508_c7ae8494bf,1.0,0.5,0.6,0.05,0.01,0.3,0.01,0.01,100,1,2026-05-01T00:05:08+00:00
sim_20260501000508_3c69d2db86,1.0,0.8,0.3,0.01,0.005,0.3,0.01,0.01,100,1,2026-05-01T00:05:08+00:00
sim_20260501000508_7991dc2757,0.1,0.2,0.6,0.01,0.005,0.6,0.01,0.01,100,2,2026-05-01T00:05:08+00:00
sim_20260501000508_fd75aa8170,0.5,0.8,0.6,0.01,0.01,0.3,0.005,0.01,100,1,2026-05-01T00:05:08+00:00
sim_20260501000508_e1a1c94b61,0.1,0.2,0.3,0.05,0.01,0.3,0.005,0.01,100,3,2026-05-01T00:05:08+00:00
sim_20260501000508_1cb30b20b9,0.1,0.2,0.6,0.05,0.005,0.6,0.005,0.03,100,1,2026-05-01T00:05:08+00:00
sim_20260501000509_b22dd5af7c,1.0,0.8,0.6,0.01,0.005,0.6,0.01,0.01,100,1,2026-05-01T00:05:09+00:00
sim_20260501000509_d40f156212,0.5,0.8,0.3,0.05,0.005,0.3,0.005,0.03,100,1,2026-05-01T00:05:09+00:00
sim_20260501000509_0c727ca482,0.5,0.8,0.3,0.01,0.01,0.3,0.005,0.01,100,3,2026-05-01T00:05:09+00:00
sim_20260501000509_d35a6cda4f,0.1,0.5,0.6,0.01,0.005,0.6,0.01,0.03,100,1,2026-05-01T00:05:09+00:00
sim_20260501000509_58763aa832,1.0,0.5,0.3,0.01,0.01,0.6,0.005,0.03,100,3,2026-05-01T00:05:09+00:00
sim_20260501000509_ff7065f150,0.5,0.5,0.6,0.01,0.005,0.6,0.005,0.03,100,2,2026-05-01T00:05:09+00:00
sim_20260501000509_c69ba5d350,1.0,0.8,0.3,0.01,0.005,0.3,0.005,0.03,100,3,2026-05-01T00:05:09+00:00
sim_20260501000509_0e0070751c,0.1,0.8,0.3,0.05,0.005,0.3,0.01,0.03,100,1,2026-05-01T00:05:09+00:00
sim_20260501000509_60d9250083,1.0,0.5,0.3,0.05,0.01,0.3,0.005,0.03,100,2,2026-05-01T00:05:09+00:00
sim_20260501000509_4d4ea77c57,0.5,0.5,0.3,0.01,0.005,0.6,0.005,0.03,100,3,2026-05-01T00:05:09+00:00
sim_20260501000509_05ffdb7c95,0.5,0.2,0.3,0.05,0.005,0.3,0.01,0.03,100,3,2026-05-01T00:05:09+00:00
sim_20260501000509_d0227d3b23,0.1,0.8,0.6,0.01,0.005,0.6,0.01,0.03,100,2,2026-05-01T00:05:09+00:00
sim_20260501000510_4cdb4bbea2,0.5,0.5,0.6,0.05,0.01,0.6,0.01,0.01,100,2,2026-05-01T00:05:10+00:00
sim_20260501000510_cfb1e6fa6b,0.1,0.8,0.6,0.05,0.01,0.3,0.005,0.01,100,1,2026-05-01T00:05:10+00:00
sim_20260501000510_e00558b8f7,0.1,0.2,0.6,0.01,0.005,0.6,0.005,0.01,100,1,2026-05-01T00:05:10+00:00
sim_20260501000510_649c86faa0,0.5,0.5,0.3,0.05,0.01,0.3,0.01,0.01,100,1,2026-05-01T00:05:10+00:00
sim_20260501000510_fbf935d06b,1.0,0.8,0.6,0.05,0.005,0.3,0.005,0.03,100,3,2026-05-01T00:05:10+00:00
sim_20260501000510_1ebdaf9ecb,1.0,0.5,0.6,0.01,0.005,0.6,0.01,0.03,100,2,2026-05-01T00:05:10+00:00
sim_20260501000510_c253ba4aeb,0.1,0.2,0.6,0.05,0.01,0.6,0.01,0.01,100,2,2026-05-01T00:05:10+00:00
sim_20260501000510_bfb53330cf,0.5,0.2,0.6,0.05,0.01,0.3,0.005,0.01,100,1,2026-05-01T00:05:10+00:00
sim_20260501000510_a737ea3b26,0.1,0.5,0.3,0.01,0.01,0.6,0.01,0.01,100,3,2026-05-01T00:05:10+00:00
sim_20260501000510_639b56fc65,0.5,0.8,0.3,0.05,0.005,0.6,0.005,0.03,100,2,2026-05-01T00:05:10+00:00
sim_20260501000510_441769c02c,0.5,0.8,0.6,0.05,0.01,0.6,0.005,0.03,100,3,2026-05-01T00:05:10+00:00
sim_20260501000510_598197bd39,0.5,0.8,0.3,0.05,0.005,0.3,0.005,0.01,100,3,2026-05-01T00:05:10+00:00
sim_20260501000511_c494e38b6e,0.1,0.2,0.3,0.01,0.01,0.6,0.005,0.03,100,1,2026-05-01T00:05:11+00:00
sim_20260501000511_57d45939cd,0.1,0.5,0.6,0.05,0.005,0.3,0.01,0.03,100,3,2026-05-01T00:05:11+00:00
sim_20260501000511_b93500d8c2,0.5,0.2,0.3,0.05,0.005,0.6,0.01,0.01,100,1,2026-05-01T00:05:11+00:00
sim_20260501000511_f092924eeb,1.0,0.2,0.3,0.05,0.005,0.3,0.005,0.01,100,1,2026-05-01T00:05:11+00:00
sim_20260501000511_6d6f9d15c3,1.0,0.2,0.3,0.01,0.01,0.6,0.005,0.01,100,2,2026-05-01T00:05:11+00:00
sim_20260501000511_063928a9c1,0.1,0.8,0.3,0.01,0.005,0.3,0.01,0.01,100,2,2026-05-01T00:05:11+00:00
sim_20260501000511_be8d02bde6,0.5,0.5,0.3,0.05,0.01,0.3,0.01,0.03,100,3,2026-05-01T00:05:11+00:00
sim_20260501000511_835931b2bd,0.5,0.5,0.6,0.01,0.005,0.6,0.01,0.01,100,2,2026-05-01T00:05:11+00:00
sim_20260501000511_c79ca063ee,1.0,0.8,0.3,0.01,0.01,0.3,0.005,0.01,100,3,2026-05-01T00:05:11+00:00
sim_20260501000511_7de68f3726,0.1,0.5,0.6,0.05,0.005,0.3,0.01,0.01,100,3,2026-05-01T00:05:11+00:00
sim_20260501000511_c2470e9a7d,1.0,0.5,0.3,0.05,0.01,0.6,0.005,0.03,100,1,2026-05-01T00:05:11+00:00
sim_20260501000511_33d92eeb79,1.0,0.2,0.3,0.05,0.01,0.6,0.01,0.01,100,3,2026-05-01T00:05:11+00:00
sim_20260501000512_df9c64e178,1.0,0.2,0.3,0.05,0.01,0.6,0.01,0.01,100,2,2026-05-01T00:05:12+00:00
sim_20260501000512_f4426340ff,1.0,0.5,0.6,0.05,0.005,0.6,0.01,0.01,100,3,2026-05-01T00:05:12+00:00
sim_20260501000512_33bb955428,1.0,0.8,0.3,0.05,0.01,0.3,0.01,0.03,100,3,2026-05-01T00:05:12+00:00
sim_20260501000512_1e00a33f62,0.1,0.2,0.3,0.05,0.005,0.3,0.01,0.01,100,1,2026-05-01T00:05:12+00:00
sim_20260501000512_fc7f71f6b7,0.5,0.8,0.6,0.05,0.01,0.3,0.005,0.03,100,3,2026-05-01T00:05:12+00:00
sim_20260501000512_1992fa2a36,0.5,0.8,0.6,0.01,0.005,0.3,0.005,0.03,100,3,2026-05-01T00:05:12+00:00
sim_20260501000512_24f011ce1f,0.1,0.2,0.6,0.05,0.01,0.6,0.005,0.01,100,3,2026-05-01T00:05:12+00:00
sim_20260501000512_b633ad50b5,1.0,0.8,0.6,0.05,0.01,0.3,0.005,0.01,100,2,2026-05-01T00:05:12+00:00
sim_20260501000512_dea828d9de,0.5,0.2,0.6,0.01,0.005,0.6,0.01,0.03,100,1,2026-05-01T00:05:12+00:00
sim_20260501000512_e2adbb7fa7,0.5,0.2,0.6,0.01,0.01,0.6,0.005,0.01,100,1,2026-05-01T00:05:12+00:00
sim_20260501000512_04f79348dd,0.1,0.2,0.3,0.01,0.005,0.6,0.005,0.03,100,3,2026-05-01T00:05:12+00:00
sim_20260501000512_5c2460f65f,0.1,0.2,0.3,0.01,0.005,0.6,0.01,0.03,100,3,2026-05-01T00:05:12+00:00
sim_20260501000513_02498d9daf,0.5,0.8,0.6,0.01,0.01,0.6,0.005,0.01,100,2,2026-05-01T00:05:13+00:00
sim_20260501000513_bc5a404f70,0.5,0.2,0.3,0.01,0.01,0.6,0.01,0.03,100,2,2026-05-01T00:05:13+00:00
sim_20260501000513_dd35a10942,0.5,0.2,0.3,0.01,0.01,0.3,0.005,0.03,100,3,2026-05-01T00:05:13+00:00
sim_20260501000513_d207e2de81,0.5,0.8,0.6,0.05,0.01,0.6,0.01,0.03,100,1,2026-05-01T00:05:13+00:00
sim_20260501000513_90985c40a2,0.5,0.2,0.3,0.05,0.01,0.3,0.005,0.03,100,1,2026-05-01T00:05:13+00:00
sim_20260501000513_5b8f3d1e17,1.0,0.5,0.6,0.05,0.005,0.3,0.005,0.03,100,1,2026-05-01T00:05:13+00:00
sim_20260501000513_316b0e4757,0.5,0.2,0.6,0.01,0.01,0.3,0.01,0.03,100,2,2026-05-01T00:05:13+00:00
sim_20260501000513_41905a8f11,0.1,0.5,0.3,0.01,0.005,0.3,0.005,0.01,100,2,2026-05-01T00:05:13+00:00
sim_20260501000513_76f339b953,0.1,0.8,0.6,0.05,0.01,0.3,0.005,0.01,100,3,2026-05-01T00:05:13+00:00
sim_20260501000513_f8a5b187c4,0.5,0.5,0.3,0.05,0.01,0.3,0.005,0.01,100,3,2026-05-01T00:05:13+00:00
sim_20260501000513_b7384f5594,1.0,0.2,0.6,0.01,0.01,0.3,0.01,0.03,100,3,2026-05-01T00:05:13+00:00
sim_20260501000513_f5f24b999b,0.5,0.8,0.3,0.01,0.01,0.6,0.005,0.01,100,1,2026-05-01T00:05:13+00:00
sim_20260501000513_0e09a424d4,1.0,0.5,0.3,0.05,0.005,0.3,0.01,0.03,100,3,2026-05-01T00:05:13+00:00
sim_20260501000514_015d5b5869,0.5,0.2,0.6,0.05,0.005,0.6,0.005,0.03,100,1,2026-05-01T00:05:14+00:00
sim_20260501000514_8dcb635e7e,0.5,0.8,0.3,0.05,0.01,0.6,0.005,0.01,100,1,2026-05-01T00:05:14+00:00
sim_20260501000514_8447983988,1.0,0.2,0.3,0.01,0.005,0.6,0.01,0.03,100,2,2026-05-01T00:05:14+00:00
sim_20260501000514_6e4b4c4404,1.0,0.5,0.6,0.05,0.01,0.3,0.005,0.01,100,1,2026-05-01T00:05:14+00:00
sim_20260501000514_64d3c51ef8,0.5,0.2,0.3,0.05,0.005,0.6,0.01,0.03,100,2,2026-05-01T00:05:14+00:00
sim_20260501000514_cc00fb33a3,0.5,0.5,0.3,0.01,0.01,0.6,0.01,0.03,100,3,2026-05-01T00:05:14+00:00
sim_20260501000514_3eaa701c0d,0.1,0.8,0.3,0.01,0.005,0.3,0.005,0.01,100,3,2026-05-01T00:05:14+00:00
sim_20260501000514_476483332c,0.5,0.5,0.3,0.05,0.005,0.3,0.01,0.01,100,1,2026-05-01T00:05:14+00:00
sim_20260501000514_62b5c963f4,0.1,0.2,0.3,0.05,0.005,0.3,0.005,0.03,100,1,2026-05-01T00:05:14+00:00
sim_20260501000514_8759cfd0a2,0.1,0.2,0.6,0.05,0.005,0.3,0.01,0.03,100,3,2026-05-01T00:05:14+00:00
sim_20260501000514_46ab2333b2,1.0,0.2,0.6,0.01,0.01,0.6,0.005,0.03,100,1,2026-05-01T00:05:14+00:00
